BTC_Archive,"@Eric_BIGfund I still expect Apple to make a big move into ₿itcoin. 

Full ecosystem incl. exchange, custody and pa… https://t.co/XpCGr1s4QK",Mon May 23 13:20:00 +0000 2022
BTC_Archive,"@AltcoinGordon I don’t get it. 
WhT am I doing wrong? 😂 https://t.co/szizikWAQc",Mon May 23 13:14:13 +0000 2022
BTC_Archive,@BleedingDhands @AltcoinGordon 😂,Mon May 23 13:10:34 +0000 2022
BTC_Archive,@888Velvet Mastery appears effortless 😍,Mon May 23 12:53:16 +0000 2022
BTC_Archive,@kamira2020 @AltcoinGordon https://t.co/ZNahOPsvYF,Mon May 23 12:52:11 +0000 2022
BTC_Archive,@CatherineAnne29 @AltcoinGordon That’s a racial slur in my culture…,Mon May 23 12:51:32 +0000 2022
BTC_Archive,@AltcoinGordon Just need one girl who understands... 🥰🤩🥰,Mon May 23 12:32:31 +0000 2022
BTC_Archive,@JesseOlson 😍 heavenly!,Mon May 23 12:30:22 +0000 2022
BTC_Archive,"RT @DSBatten: 1/
At our #ESG ClimateTech fund, as part of our due diligence on #bitcoinmining, we examined the 7 Most #ESG arguments agains…",Mon May 23 11:57:36 +0000 2022
BTC_Archive,"Nomura bank also announced last week that it would offer #Bitcoin to institutional clients.

The banks are coming...",Mon May 23 11:28:11 +0000 2022
BTC_Archive,💥BREAKING: Japanese bank 'Sumitomo Mitsui' is starting a #Bitcoin and crypto custody business.,Mon May 23 11:26:05 +0000 2022
BTC_Archive,@AltcoinGordon 😂 this is brilliant,Mon May 23 11:12:50 +0000 2022
BTC_Archive,@naiivememe 😂,Mon May 23 11:09:38 +0000 2022
BTC_Archive,"Luxury giant LVMH announced last week that one of its labels, Tag Heuer, would also accept #Bitcoin in the USA. 

L… https://t.co/nd0R2c9a3b",Mon May 23 11:08:02 +0000 2022
BTC_Archive,"Balenciaga is owned by French Luxury group, Kering, who also owns:

- Gucci
- Yves Saint Laurent
- Alexander McQueen
- Bottega Veneta",Mon May 23 11:05:37 +0000 2022
BTC_Archive,💥BREAKING: Balenciaga to accept #Bitcoin in US 💃👜,Mon May 23 11:00:52 +0000 2022
BTC_Archive,"#Bitcoin closed 8 down weeks in a row for the first time ever.  Previous record was 6 weeks. 

When bounce? 🤔 https://t.co/HbDVii0Dsg",Mon May 23 10:23:33 +0000 2022
BTC_Archive,"More on #Bitcoin Node locations...
https://t.co/sPELlFPf1D",Mon May 23 10:07:31 +0000 2022
BTC_Archive,Top 10 Nations for reachable #Bitcoin Nodes... https://t.co/Yrcb7dsvtx,Mon May 23 10:06:53 +0000 2022
BTC_Archive,"💥USA hosts the most ""reachable"" #Bitcoin nodes. https://t.co/TuSNUhDaOL",Mon May 23 10:06:15 +0000 2022
Kriptoemre,"@atillayurtseven Yılık/çeyreklik ciro hedeflerini tutturma oranları, küresel satış rakamları, çip sıkıntısı kaynakl… https://t.co/aCchUQQgkl",Mon May 23 12:39:42 +0000 2022
Kriptoemre,@hasan99329799 @quantfury @ParibuCom Ne bahane uyduruyorlar mesela?,Mon May 23 06:57:27 +0000 2022
Kriptoemre,"Günaydın! Haftanız keyifli ve bereketli geçsin ☀️

Bugün yine video günü ☺️ Hangi konuları konuşalım? Önerileri bek… https://t.co/pUbFyezzcm",Mon May 23 06:10:01 +0000 2022
Kriptoemre,"FED Faiz arttırmaya devam edecek.

Bir yerde bu arttırımlar duracak.

Dünya yeni faiz oranlarının hala enflasyon al… https://t.co/TvCU8LBuvf",Sun May 22 09:07:50 +0000 2022
Kriptoemre,"@gate_io Yup, Avax is really for dummies.",Sat May 21 12:33:09 +0000 2022
Kriptoemre,"Kriptonun ne kadar riskli olduğunu hatırlamanız gerekirse:

Zamanında 120 Dolar olan $LUNA nın bugün 1 Cent olması… https://t.co/vpSIGjDzot",Sat May 21 07:56:11 +0000 2022
Kriptoemre,"Twitter’da önüme düşen analizlere bakıyorum hemen hepsi isabetsiz.

Her şey deli gibi yükselirken ne de güzel ve ba… https://t.co/349x0nTkCD",Fri May 20 17:28:09 +0000 2022
Kriptoemre,"$UST nin nalları dikmesiyle yine başladılar regülasyon boruları çalmaya.

Korkacak bir şey yok. Bir ülkenin yasakla… https://t.co/4ui6pOt9nv",Fri May 20 09:49:22 +0000 2022
Kriptoemre,@degen_ege @matrikstrader Fred Çakmaktaş döneminden kalma yazılımlar kullanırsan olacağı o,Fri May 20 09:23:42 +0000 2022
Kriptoemre,Syntropy ($NOIA)'nın patentlediği #DARP teknolojisi ile küresel internet ağındaki en verimli data transfer yolların… https://t.co/4voCHepsk9,Thu May 19 11:47:00 +0000 2022
Kriptoemre,"@OguzEren2 Bence de haklıyız. 

İran'da nükleer konusunda haklı. Ama hakkını savunmak için bütün Dünya'yı karşısına… https://t.co/5q7Wt8kh1v",Wed May 18 09:40:47 +0000 2022
Kriptoemre,"@Serdeng344 İlk Master'ımı Uluslararası İlişkiler ve Kamu Politikası üzerine yaptım, senin gibi alaylı artistlik yapmıyorum vesselam.",Wed May 18 09:38:00 +0000 2022
Kriptoemre,"Tutturamadınız ama baya yaklaştınız =) Gece Asya piyasalarında 15.92 ye kadar gördük.

RSI aşırı alım gösteriyor, b… https://t.co/ugrvtCyVrD",Wed May 18 06:13:02 +0000 2022
Kriptoemre,Dolar/TL bugün bitmeden 16 Olur Mu?,Tue May 17 11:24:13 +0000 2022
Kriptoemre,Türk Lirası $LUNA'yı aratmıyor bu aralar...,Tue May 17 07:39:37 +0000 2022
Kriptoemre,"Beklenen video geldi 🥳 

Kısa vadeli #Bitcoin ve Piyasa Analizi, önemli gelişmeleri ve geçen hafta olan çöküşü konu… https://t.co/bXw4KH8XQM",Mon May 16 15:25:17 +0000 2022
Kriptoemre,"KKM diye bir şey uydurdunuz, mantıklı da geldi, ama umduğunuz gibi işe yaramıyor belli oldu.

Bugün faizlerin en az… https://t.co/w7qIDYT1IA",Mon May 16 12:15:29 +0000 2022
Kriptoemre,@A21288624Ak Aglama,Mon May 16 11:02:33 +0000 2022
Kriptoemre,@A21288624Ak Silah zoruyla mı aldırdık kendi hıyarlığınızı başkasına mal etmek ne kolay çocuk musunuz,Mon May 16 09:04:40 +0000 2022
Kriptoemre,"Herkese günaydın! Haftanız keyifli geçsin 😊

Bugün video günü! Hangi konulara girelim? Çekiliş ile ne verelim?

Hal… https://t.co/sQoF8lERCN",Mon May 16 05:01:03 +0000 2022
KriptoData,"Lider alışveriş platformu eBay, #NFT platformu OneOf ile ortaklık kurarak ilk NFT koleksiyonunu başlattı. https://t.co/t6nK6q9IwG",Mon May 23 13:25:17 +0000 2022
KriptoData,"İlaç firması Abdi İbrahim, #Decentraland ile Metaverse evrenine adım attı.

Firmanın #Metaverse evrenindeki binasın… https://t.co/EDUaaRJdfb",Mon May 23 12:33:26 +0000 2022
KriptoData,"Japon Bankası Sumitomo Mitsui Trust, kurumsal yatırımcılara dijital varlık saklama hizmetleri sunmak için yeni bir… https://t.co/rJP8ITgYVz",Mon May 23 11:43:22 +0000 2022
KriptoData,"GameStop, #kriptopara birimleri ve #NFT’ler için kendi cüzdan hizmetini başlattığını duyurdu. https://t.co/U0GuSHRxBL",Mon May 23 11:07:27 +0000 2022
KriptoData,"— Herhangi bir #kriptopara birimine sahip misiniz?

""PayPal'da üzerinde çalıştığım birçok şey var ve hizmetleri ken… https://t.co/JiyoZhwCxl",Mon May 23 10:57:53 +0000 2022
KriptoData,"‘’Bugün PayPal dijital cüzdanlarında, özel dijital para birimlerinde veya gelecekte #CBDC'lerde sahip olacağımız pa… https://t.co/VgiZbKo5f8",Mon May 23 10:57:53 +0000 2022
KriptoData,"Moda devi Balenciaga, #Bitcoin ve #Ethereum ile #kriptopara birimleri üzerinden ödeme almaya başlayacak. https://t.co/4iK7eQFgVZ",Mon May 23 10:30:08 +0000 2022
KriptoData,"‘’#Kripto para piyasasında, ayı döneminin sonuna yakın olabiliriz.’’

— Cathie Wood | Ark Invest CEO'su https://t.co/OuQOVeHNdu",Sun May 22 23:42:20 +0000 2022
KriptoData,"“Artık milyarder değilim.”

— Vitalik Buterin | #Ethereum kurucusu https://t.co/kPjlzzIEFl",Sun May 22 16:11:38 +0000 2022
KriptoData,"‘’ABD'de #kripto düzenlemelerinin, ara seçimlerden önce çıkacağını düşünmüyorum.

ABD Menkul Kıymetler ve Borsa Kom… https://t.co/6gabrWnnwi",Sun May 22 15:58:24 +0000 2022
KriptoData,"‘’#Metaverse aynı zamanda oyunların, müziklerin, filmlerin ve animenin kesiştiği sosyal ve canlı bir ağ alanıdır.… https://t.co/a2lEafJ4UE",Sun May 22 11:13:19 +0000 2022
KriptoData,"Sony, eğlenceye yönelik stratejisinin bir parçası olarak #metaverse deneyimlerine odaklı bir yaklaşım sergileyeceği… https://t.co/2QAHAmVb9F",Sun May 22 11:13:18 +0000 2022
KriptoData,‘’Tamamen spekülatif #kripto tokenlerini denetlemek için gereken hazırlık süresi ve resmi izinler almak isteyen kri… https://t.co/EhCSTUz0KA,Sun May 22 10:46:56 +0000 2022
KriptoData,"#NASDAQ 100 endeksi, yaklaşık 14 yıl sonra ilk kez düşüş serisini 7'nci haftaya taşıdı. https://t.co/0EVI8rlfq5",Sat May 21 13:45:19 +0000 2022
KriptoData,"CoinMENA borsası, Bahreyn Merkez Bankası (CBB) tarafından tamamen düzenlenmiş bir kuruluş olduğunu ve Körfez Arap Ü… https://t.co/Lv0HZ9FRvb",Sat May 21 13:30:27 +0000 2022
KriptoData,"‘’100 milyon dolarlık yatırım planımız, yenilikçi teknoloji, stratejik sermaye ve yetenekler ile kaynakları devreye… https://t.co/P4q73RXwg0",Sat May 21 12:01:32 +0000 2022
KriptoData,"Ripple; sıfır karbon salınımı hedefi için kullanılacak, uzun vadeli, doğa ve bilime dayalı karbon kredilerinden olu… https://t.co/CNevCTzw7t",Sat May 21 12:01:30 +0000 2022
KriptoData,"‘’Enflasyona karşı koruması ve teknoloji hisselerinden ayrılacağı için #Bitcoin konusunda hâlâ çok iyimserim.

Faiz… https://t.co/F9NmeAUcXs",Sat May 21 11:06:47 +0000 2022
KriptoData,"Kripto varlıklardaki riskleri anlamayan, her şeyi kaybedebilecek ve büyük hayal kırıklığına uğrayacak insanlar için… https://t.co/KitSA8BTVa",Sat May 21 10:54:49 +0000 2022
KriptoData,"“Çok alçak gönüllü bir #Bitcoin değerlendirmem; hiçbir şeye yaramayan, hiçbir karşılığı olmayan, emniyeti sağlayabi… https://t.co/TYktD2z3U6",Sat May 21 10:54:48 +0000 2022
kriptoreal1,"Herkese bol kazançlı bir gün dilerim sevgili takipçilerim. Umarım herkes için bol bereketli bir hafta olur.
#Bitcoin",Mon May 23 10:17:09 +0000 2022
kriptoreal1,"#SOL coin 250$’lık ATH’ından sonra 51$’a dönmüş durumda. Proje sağlam gelecek sağlam.

Projeye henüz sahip olmayanl… https://t.co/OpokLHvu1Y",Sun May 22 20:06:32 +0000 2022
kriptoreal1,"2 kişiye 100.000’er #LUNA 

Bu tweeti sadece rt etmeniz yeter.

#Bitcoin #Giveaway #Giveaways #LunaBurnNow #lunaterra #LUNAUSDT",Sun May 22 17:50:34 +0000 2022
kriptoreal1,@rain_turk Abicim o ayrı bu ayrı. Ha illa ki yazacaksam YİNE 23’ünde…,Sun May 22 15:35:46 +0000 2022
kriptoreal1,"Dostlarım ödülümüz devam ediyor. Akşam canlı bir şekilde açıklayacağım. Beklerim dostlarım.

#Bitcoin #LUNA #ETH… https://t.co/9vaheFOnGC",Sun May 22 15:33:59 +0000 2022
kriptoreal1,"Sevgili takipçilerim günümüz; bol bereketli, huzurlu ve çok güzel geçsin. ❤️",Sun May 22 10:30:58 +0000 2022
kriptoreal1,Dostlarım zaten piyasada yükselen coinlerin durumu belli. Bu dakikadan sonra GEM projelere yönelmek en doğrusu. Bun… https://t.co/Sw24KT4HDU,Sat May 21 19:21:25 +0000 2022
kriptoreal1,"Büyük Haziran Ödülü🥳

5 kişiye 5000 TL ÖDÜL

❤️Beğen, RT, 2 arkadaşını etiket

🏃🏻‍♂️ @kriptoreal1 takip et 

✔️… https://t.co/AcF2mQP7Ye",Sat May 21 14:34:54 +0000 2022
kriptoreal1,"RT @TanToprak5: Ben rica edersem #NASDAQ kırmaz.. 🔥

1 Lotta  3.468 $ Tp olan sıralı kademe işlemlerimiz.

Sen elinden geleni yap, başarı s…",Sat May 21 12:12:13 +0000 2022
kriptoreal1,Sevgili Takipçilerim. Herkese bol bereketli ve huzurlu bir gün dilerim. 🌸❤️,Sat May 21 09:44:51 +0000 2022
kriptoreal1,"Bu tweeti rt’leyen 3 kişiden iban isteyeceğim.

#Bitcoin #Giveaway #Giveaways",Fri May 20 19:51:20 +0000 2022
kriptoreal1,"RT @kriptoreal1: 🔥🔥🔥ÖDÜL ZAMANI🔥🔥🔥

Bu sefer 3 kişiye değil 4 kişiye 50’şer TL verelim.

Bu ve sabit tweeti rt birde bir arkadaşınızı etike…",Fri May 20 15:07:46 +0000 2022
kriptoreal1,"Dostlarım size geleceğin #AVAX ve #SOL projesini söylüyorum.

#MINA coin. Kesinlikle araştırmanızı tavsiye ediyorum… https://t.co/xFZHU9S12p",Fri May 20 13:58:57 +0000 2022
kriptoreal1,"🔥🔥🔥ÖDÜL ZAMANI🔥🔥🔥

Bu sefer 3 kişiye değil 4 kişiye 50’şer TL verelim.

Bu ve sabit tweeti rt birde bir arkadaşınız… https://t.co/AX3mycTN2I",Fri May 20 11:25:12 +0000 2022
kriptoreal1,"Günaydın Sevgili Takipçilerim☀️☀️
Herkese saygılar, hayırlı cumalar🌸🌸",Fri May 20 08:11:28 +0000 2022
kriptoreal1,"Çok harika bir sponsorlukla karşınızdayız. 

Aşağıdaki referans linkinden gateio’ya üye olun, 2 kişiye tam 3’er bin… https://t.co/6nl3dIAImT",Thu May 19 19:52:26 +0000 2022
kriptoreal1,"RT @TanToprak5: Kayıplar gelecek kazançların teminatıdır. 🔥

- 7.870 $ Nazar çıktı nazar..🧿

Eğer kayıplar yaşıyorsanız doğru yoldasınız. Y…",Thu May 19 14:59:12 +0000 2022
kriptoreal1,"RT @kriptoreal1: 4 arkadaşımıza 200’er TL dağıtalım

Bu tweeti rt yapmanız ve 2 arkadaşınızı etiketlemeniz yeterli

DM’ler açık olsun Dostl…",Thu May 19 12:37:55 +0000 2022
kriptoreal1,RT @TanToprak5: #NASDAQ Tarafında Range yapılanmasının alt kısmından tepki almış durumdayız. Yukarı yönlü atakların başlama noktası diyebil…,Thu May 19 12:27:54 +0000 2022
kriptoreal1,"4 arkadaşımıza 200’er TL dağıtalım

Bu tweeti rt yapmanız ve 2 arkadaşınızı etiketlemeniz yeterli

DM’ler açık olsu… https://t.co/zxwsBvIMzD",Thu May 19 10:36:25 +0000 2022
coinmuhendisim,"Güzel hediyeler için teşekkürler @BinanceTR 🚀

Casper'ın mutsuzluğuna bakmayın kendisine hediye gelmeyince biraz üz… https://t.co/cCyOHYtGpf",Mon May 23 11:30:33 +0000 2022
coinmuhendisim,"🔥 300$ DAĞITIYORUZ ! 🚀
🧐 Biden'dan Maymun Virüsü Açıklaması 
💥 Haftalık Piyasa Analizi | Kripto Haberleri

🥳 Videom… https://t.co/46shsGpJWj",Sun May 22 19:22:42 +0000 2022
coinmuhendisim,"Bitcoin pizza gününüz kutlu olsun 🙂

Tarihteki ilk Bitcoin alışverişi 12 yıl önce bugün Yazılımcı Laszlo Hanyecz'in… https://t.co/IRXGqSOWHg",Sun May 22 12:35:10 +0000 2022
coinmuhendisim,📌 Floodun sonuna gelirken NFT'ler ile ilgili daha fazla bilgi almak için bir çok kişinin parayla sattığı bizim ise… https://t.co/7kMVYN6cz6,Sat May 21 14:11:29 +0000 2022
coinmuhendisim,Sonuç Olarak; Bir Nft iyi araştırılıp güzel analiz edildiğinde ve nadir olarak kabul görüldüğünde yatırımcısına çok… https://t.co/4dvsUhjUvu,Sat May 21 14:11:29 +0000 2022
coinmuhendisim,"NFT VE KRİPTO PARALAR ARASI PİYASA VE HACİM  KARMAŞASI:

Nft'ler piyasada ki kripto paralarla aynı hacme sahip deği… https://t.co/dTtLdpO4ZN",Sat May 21 14:11:28 +0000 2022
coinmuhendisim,"NFT PLATFORMLARININ ALIŞ VE SATIŞ ESNASINDAKİ İŞLEM ÜCRETLERİ:

Nft platformlarının geneli satış esnasında satıcıda… https://t.co/PfoXXR0hO7",Sat May 21 14:11:27 +0000 2022
coinmuhendisim,"3⃣Tanınmış bir satıcıdan Nft almak istiyorsanız; 
Satıcının gerçekliğini ve doğruluğunuz iyi analiz etmeniz gerekir… https://t.co/zxBJK7ibLY",Sat May 21 14:11:25 +0000 2022
coinmuhendisim,2⃣ Taklit Nft üreticisi ve satıcılardan herzaman kaçının @opensea gibi resmi Nft pazar yerleri taklit olmadıklarını… https://t.co/V7ztrLpwSs,Sat May 21 14:11:24 +0000 2022
coinmuhendisim,"NFT ALMADAN ÖNCE BİLİNMESİ GEREKENLER?

1⃣ Bir Nft'ye sahip olmak istiyorsanız en önemli husus o Nft'nin nadirlik s… https://t.co/CwEarbKKqW",Sat May 21 14:11:23 +0000 2022
coinmuhendisim,"NFT NEDİR?

Nft'ler genellikle koleksiyon mantığıyla oluşturulmuş varlıklardır. Koleksiyonun her üyesi puzzle'ın bi… https://t.co/9zVyEbHb5B",Sat May 21 14:11:22 +0000 2022
coinmuhendisim,"Piyasa durgunken kendinize bilgi katmaya çalışın. Bugün sizlere ""NFT Nedir? NFT Almadan Önce Bilmeniz Gerekenler Ne… https://t.co/QJRk8Vrgfb",Sat May 21 14:11:20 +0000 2022
coinmuhendisim,"Bir #maymuncicegi virüsü eksikti. Ülkemizde onunda ilk vakası görüldü, bakalım Corona başlangıcı gibi mi olacak 🧐

https://t.co/WAORpX5k5h 🤯",Sat May 21 09:59:50 +0000 2022
coinmuhendisim,Piyasa gibi kararsızım 🤔,Fri May 20 20:00:09 +0000 2022
coinmuhendisim,"@binance 🎁Binance hediye kartı göndermek için linke tıklıyabilirsiniz: https://t.co/CIocUQVRVW

🌟Binance'e kayıt ol… https://t.co/sr2hgK4e7e",Fri May 20 10:17:44 +0000 2022
coinmuhendisim,Son zamanlarda @binance hediye kartı kısmını kullanmaya başladık arkadaşlar. Çünkü para transferi yerine hediye kar… https://t.co/aEM8tuG153,Fri May 20 10:11:19 +0000 2022
coinmuhendisim,"🚀 Binance #BitcoinPizzaDay Etkinliği
🎁 Hediye Kartı Kazan 🪂
💥 Video İçinde Gizli Ödül Var 🤑

🧐 Ödüllü Videomuz Yayı… https://t.co/MvnmruN9dr",Thu May 19 21:04:16 +0000 2022
coinmuhendisim,"🍕 Bitcoin Pizza Gününü Binance #GiftMeTheSlice ile kutluyor
😍 Bizlerde sizlere 10 tane Gift hediye ediyoruz
🤑 Gift'… https://t.co/f7nHNNE9Ki",Thu May 19 16:21:57 +0000 2022
coinmuhendisim,"🎶Sanatçılar ve müzik severleri bir araya getiren @Coritecom Platformunda, Alan Walker'ın 🎙️""Unity"" adlı parçası Ala… https://t.co/Gt6dtP3kWH",Thu May 19 13:57:43 +0000 2022
coinmuhendisim,"RT @coinmuhendisim: 500$ Değerinde $USDT Ödüllü #Klaytn ile AMA etkinliği düzenliyoruz.

AMA Tarihi : 19 Mayıs 17.00

10 soru ödüllendirile…",Thu May 19 11:47:58 +0000 2022
btc_magazin,"🚀 @AppPlayPad karlı bir #MicroCap #Move2Earn projesi sunuyo

#Socialfi #Metaverse &amp; #GameFi içeren @bicyclefiio IDO… https://t.co/yE7D081tHX",Sun May 22 17:24:22 +0000 2022
btc_magazin,$Luna göz boyamaya devam ediyor,Sun May 22 11:58:29 +0000 2022
btc_magazin,@HASOsyalmedya @gokberkbasdan @CMYLMZ Anlaştık abi 😂😂,Sun May 22 09:43:15 +0000 2022
btc_magazin,@HASOsyalmedya @gokberkbasdan @CMYLMZ Abi ayı piyasasında gitar çalınmaz bilmemene üzüldüm 😂,Sun May 22 09:18:22 +0000 2022
btc_magazin,$Blok uzun zaman sonra yönünü değiştirmiş güzel haberleri var bakalım nereye kadar gidecek https://t.co/pJefWNX2hk,Sat May 21 18:42:12 +0000 2022
btc_magazin,@gmgiray Yok mu bir şeyler 😅,Sat May 21 17:27:15 +0000 2022
btc_magazin,"🔥50.000 TL için SON ŞANS🔥

Yarın 50 kişiye 50k TL veriyoruz🥳

Alıntıladığım twiti RT edip, @btc_magazin ve… https://t.co/9lNsYlWbAK",Sat May 21 16:09:35 +0000 2022
btc_magazin,@dojipto Yoktur,Fri May 20 23:07:50 +0000 2022
btc_magazin,#Trabzonspor şampiyonluğuna özel @Sportium_Fan partnerliğiyle toplam 1967 adet #NFT satışa sunuluyor yarın saat 18:… https://t.co/GUBHbV1BMd,Fri May 20 17:40:23 +0000 2022
btc_magazin,@TradeWars_10 Yaklaşıyor,Fri May 20 17:13:31 +0000 2022
btc_magazin,@Mahmutcn69 @dojipto Xkkskdjf https://t.co/7j97tymJmX,Thu May 19 22:50:49 +0000 2022
btc_magazin,@dojipto Yoktur,Thu May 19 22:20:47 +0000 2022
btc_magazin,@idealistkripto Tohumları ekin ilerleyen dönemlerde güzel para kazanıcaz demek :),Thu May 19 19:59:04 +0000 2022
btc_magazin,@HASOsyalmedya @son_kii Shqkhdjfjejeje onu da ben biliyorum 😂,Thu May 19 19:55:07 +0000 2022
btc_magazin,@HASOsyalmedya Hangisini diyip konuyu kapatalım 😂😂,Thu May 19 19:50:51 +0000 2022
btc_magazin,@HASOsyalmedya Şimdi 80k$ istesen telefonu kapatır seni engellerim 😂😂😂,Thu May 19 19:49:07 +0000 2022
btc_magazin,@Stepbeck9595 @HASOsyalmedya 30.000 tl ye marketing mi yapılır :D o kadar az değil merak etme,Thu May 19 19:47:55 +0000 2022
btc_magazin,@HASOsyalmedya 300 tl param kaldı onu da çekilişle veriyorum,Thu May 19 19:44:12 +0000 2022
btc_magazin,✅Daha önce de sizlere tanıttığım  @LocoMetaGlobal biraz önce @CoinMarketCap 'te  listelendi çok güzel prim yapmış v… https://t.co/djjUvdRWuQ,Thu May 19 19:32:40 +0000 2022
btc_magazin,Dostlar hediye dağıtımına katılım şansı bu akşam 00:00’a kadar devam ediyor. Gözünden kaçan varsa bu fırsatı kaçırm… https://t.co/Bnw60Oa4na,Thu May 19 17:15:40 +0000 2022
CryptoTroia ,@Selcoin Para basmaya yer arıyorlar.,Mon May 23 11:06:39 +0000 2022
CryptoTroia ,"$ALPHA: 0,150$ maliyet, yeniden 0,170$ zorlanıyor. 

#TroiaRobot gururla sunar. https://t.co/K93OxwZYxP",Mon May 23 07:26:41 +0000 2022
CryptoTroia ,@hirozaki2020 Uhu daha iyi kafa yapar abi,Sun May 22 19:05:59 +0000 2022
CryptoTroia ,@Kriptozenciii Siyasiye sandığa gidip oy verirseniz bu olur. Ben kendi siyasimi balkonda yetiştiriyorum mesela…,Sun May 22 18:36:39 +0000 2022
CryptoTroia ,@ProfesorTurkmen Hiç çalışmayan deseydin aklımda bir meslek vardı ama az çalışan dediğin için ben pas diyorum. (O değil),Sun May 22 18:35:30 +0000 2022
CryptoTroia ,Birçok gem projelerde yaptığımız 95x ve 300x gibi başarıların ardından yeni bir proje daha beklediğinizi biliyorum.… https://t.co/ElL9wwoJRi,Sun May 22 18:13:10 +0000 2022
CryptoTroia ,@WolfMS_ PA King :),Sun May 22 15:31:07 +0000 2022
CryptoTroia ,"RT @WolfMS_: Eğitim programım 500 kişiye ulaşmış durumda. İlginiz için hepinize teşekkür ederim.

DC’de ise öğrencilerin fikirlerini ve set…",Sun May 22 15:30:46 +0000 2022
CryptoTroia ,"Konu dışı, memleket içi bir anket: 

Sizce Zafer Partisi hangi bloktan daha fazla oy devşirme şansına sahiptir?",Sun May 22 14:28:25 +0000 2022
CryptoTroia ,"Mutlu Pazarlar canlar.

Hemen hızlıca bir #TroiaRobot severler yoklaması alalım ☝🏻",Sun May 22 07:29:04 +0000 2022
CryptoTroia ,@haberlerinizcom @ersunyanal Gergin'e harikasın diyecek kadar pembeleşmedik çok şükür!,Sat May 21 20:59:48 +0000 2022
CryptoTroia ,@cansunali29 Beşiktaş'ın önce Trabzonspor'un As Başkanı sayın Çebi'yle vedalaşması gerek hocam.,Sat May 21 20:09:25 +0000 2022
CryptoTroia ,@EylemCulculoglu Globalde bulunan hesaplar ciddi manada scammer ve at hırsızı. Yani bizim Türk'lere mana bulurlar a… https://t.co/J4X4Mc1XKV,Sat May 21 19:57:53 +0000 2022
CryptoTroia ,@cryptoankara @GaziBlockchain @huchain_ @RespectTrade @RespectTRWomen Bence değil ya nasıl 42 abi resmen 24 fiziği… https://t.co/CHNcYjsMnk,Sat May 21 19:56:13 +0000 2022
CryptoTroia ,"0,061$ maliyetli $BLZ 0,082$ satıldı. Kâr %36.

#TroiaRobot",Sat May 21 16:43:47 +0000 2022
CryptoTroia ,@zagortenay76 Fanatik olduğunu biliyoruz zaten. Sırf senin fanatikliğin yüzünden @getir kullanmaya başladık.,Sat May 21 10:57:18 +0000 2022
CryptoTroia ,@atillayurtseven Ya adama şu cümleyi açıklattırmışlar inanamıyorum 😂,Sat May 21 10:39:41 +0000 2022
CryptoTroia ,@JrKripto Maymun Çiçeği ardından topladıkları dolarları yeniden piyasalara salmaları yok mu? :),Fri May 20 21:13:07 +0000 2022
CryptoTroia ,@Trend__Analizi Şundan 5 ay önce 1 milyona Audi A5 biniyorduk şaka gibi…,Fri May 20 21:12:08 +0000 2022
CryptoTroia ,@Kriptozenciii eps'inden ne gördük ki epx'inden ne görecez...,Fri May 20 19:19:14 +0000 2022
kripto_expert,"3 Hafta önce olacakları önceden gören kardeşimize selam olsun helal olsun valla, Bu diğer stable coinlerede çok dik… https://t.co/GS8jRINpgx",Wed May 11 22:29:19 +0000 2022
kripto_expert,"Katılıyorum .
1. Elon
2.Saylor ... https://t.co/ln28ZLHXjl",Mon Apr 11 22:16:45 +0000 2022
kripto_expert,"1 Kişiye 100Tl 
(Zaman 2 Saat)
Tek Yapmanız Gereken Bu Twiti Beğenmek Ve Telegram Kullanıcı Adını Yoruma Yazmak...",Sat Feb 12 20:12:38 +0000 2022
kripto_expert,"RT @CryptoTroia: İçerisinde epey yüklü bakiyemin bulunduğu Binance hesabım kilitlendi.

Durumun ivedilikle çözülmesini bekliyorum. Benim gi…",Mon Jan 17 23:31:07 +0000 2022
kripto_expert,"Gittikçe popüler olmaya devam ediyor, biz 2 ay önce paylaşmıştık siz birde 2022 de görün 😍 #ceekusdt #CEEKVR https://t.co/oXrq0Zzz82",Mon Dec 27 20:44:14 +0000 2021
kripto_expert,On Numara Sepet @YusufAlemdars Keydeyim bende 👍👍👍 https://t.co/cxuIvwmVsl,Fri Dec 17 15:08:49 +0000 2021
kripto_expert,#Metaverse demişken #CEEK şöyle 0.30$ civarına gerilese de daha ekleme yapsak yaw :),Sat Dec 11 12:48:30 +0000 2021
kripto_expert,2021 Yılının başından bu yana en kötü proje bile min 2x-3x yaptı çoğu projeler uzaya çıktı bence piyasa çok pahalandı.,Sat Dec 11 12:38:17 +0000 2021
kripto_expert,Daha 1 ay önce herkes Mega Boğa diyordu :) Yüz binlerce abonesi olan kanallar vs 2021 Bitmeden Btc 100k 150k görece… https://t.co/RCt5CSotDe,Sat Dec 11 12:37:02 +0000 2021
kripto_expert,Bugün Telegram grubumuzda paylaştığımız coin 3x yaptı. Kısa vadede kazanmak istiyorsanız telegram grubumuza ücretsi… https://t.co/0X4Iv3pSNK,Sat Oct 23 15:52:08 +0000 2021
kripto_expert,@yunuscansii Pancake de Hotbitte kral,Tue Oct 19 09:09:23 +0000 2021
kripto_expert,@KriptoFati Bende girdim 40 tan hadi bakalım 🤗,Thu May 28 12:15:32 +0000 2020
WolfMS_,@erkmentak Zaman diliminden bağımsız bu kadar dar alanda tek mum üzerinden range almam ben bro. Yatay seyir beklerim.,Mon May 23 12:31:07 +0000 2022
WolfMS_,@kriptodunyasi12 Sor brocum.,Mon May 23 12:30:02 +0000 2022
WolfMS_,"$BTC - LTF Update:

Mavi yatay çizgi ile belirttiğim equal high likiditesi temizlendikten sonra düşüş olasılığı ols… https://t.co/M9W9EKeAiP",Mon May 23 10:07:00 +0000 2022
WolfMS_,"Az önce bir muhabbet içinde kendimi buldum. Bakiyem ve 1R'ım yayınlamam talep edildi. Gerekçe ise inandırıcılık.

B… https://t.co/QT68K6vFxB",Sun May 22 22:20:02 +0000 2022
WolfMS_,@kriptometo Estağfirullah bro. Eline sağlık 🤝,Sun May 22 17:24:28 +0000 2022
WolfMS_,@AliAkka10885787 @CousinChain yardımcı olsun bro. İşlemler https://t.co/uVCirYrtsX sitesinden yapılıyor.,Sun May 22 17:23:50 +0000 2022
WolfMS_,"@necromoneyac Her dedikodu böyle olsa bro keşke :)

Bu arada benim mentorlükte kişi sınırı var ki yakında dolar. Gi… https://t.co/sjBNrpMIS0",Sun May 22 17:06:28 +0000 2022
WolfMS_,@necromoneyac Hayırlı olsun kardeşim. Başarılı olacağına inanıyorum.,Sun May 22 17:02:26 +0000 2022
WolfMS_,@uzunyesilmum :D,Sun May 22 16:50:16 +0000 2022
WolfMS_,@Skymerchant https://t.co/iV1eb1Wch1,Sun May 22 16:00:05 +0000 2022
WolfMS_,@Canlarryy Tersini beklemezdim zaten bro :),Sun May 22 15:40:58 +0000 2022
WolfMS_,@planc77 İnşallah fazlasını da yaparsın brom 🤝,Sun May 22 15:40:38 +0000 2022
WolfMS_,@CryptoTroia ❤️👑,Sun May 22 15:33:28 +0000 2022
WolfMS_,@Fukuyanzi @Serdarbahattin1 Aynen.,Sun May 22 15:30:05 +0000 2022
WolfMS_,Weekend joy. 5.21R. https://t.co/gml3oy0JkM,Sun May 22 15:27:14 +0000 2022
WolfMS_,"@akablendr Kapıyı gösteren benim bro, kapıdan geçen/geçecek olan ise siz.

Düşüncelerin için teşekkürler ❤️",Sun May 22 15:16:04 +0000 2022
WolfMS_,"Eğitim programım 500 kişiye ulaşmış durumda. İlginiz için hepinize teşekkür ederim.

DC’de ise öğrencilerin fikirle… https://t.co/2wcKwVuqWE",Sun May 22 15:08:58 +0000 2022
WolfMS_,"@akablendr @EfloudTheSurfer Rica ederim bro.

Öngörünün haklı çıkıp çıkmamasından ziyade bakış açını beğendim. Tebrik ederim.",Sun May 22 12:15:32 +0000 2022
WolfMS_,RT @WolfPriceAction: WPA öğrencileri kripto dışında FX paritelerinde de başarılarıyla öne çıkıyor. https://t.co/x4hf5iZMQU,Sun May 22 10:20:11 +0000 2022
WolfMS_,@furoxemid Mid range üzerindeki arz bölgesinde dolayı kesinlikle EQ bro.,Sat May 21 19:25:29 +0000 2022
Btcrobotu,"Herkese Merhaba ,

2 Mart itibariyle sistemlerimizde son durum. 

Endeks xu030 ve  Viop için yeni overall tazelenmi… https://t.co/0MEXFTZ0Sm",Thu Mar 03 04:50:35 +0000 2022
Btcrobotu,Açığa satış işlemleri dahil değildir.,Thu Feb 24 19:47:55 +0000 2022
Btcrobotu,24 Şubat  itibariyle #sasa #krdmd #otkar Algoritmalarımızd son durumlar bu şekilde gerçekleşmiştir. https://t.co/0SEbmnMtvT,Thu Feb 24 19:47:30 +0000 2022
Btcrobotu,"Herkese Merhaba , 

24 Şubat itibariyle sistemlerimizde son durum xu030 2257,93 seviyesinden sat şekilinde oluşmuşt… https://t.co/w8HspOq2Nj",Thu Feb 24 19:42:33 +0000 2022
Btcrobotu,"Herkese Merhaba ,

17 Şubat itibariyle , Algoritmalarımızda son durum bu şekilde gerçekleşmiştir. 2260 seviyesinden… https://t.co/4GEhJrKPW4",Thu Feb 17 19:37:30 +0000 2022
Btcrobotu,"Herkese merhaba,

17 Şubat itibariyle sistemlerimizde son durum bu şekilde gerçeklemiştir. https://t.co/k4nG8Cnghu",Wed Feb 16 21:14:34 +0000 2022
Btcrobotu,"14 Şubat olacaktı ***

Matriks geçmiş dataların bir kısmını silmiş. bu nedenle işlem sayısı düşmüştür. önceki verilere göre ****",Mon Feb 14 20:51:35 +0000 2022
Btcrobotu,"Herkese Merhaba

11 Şubat itibariyle Algoritmalarımızda son durum.

Böylelikle 3.2 içerisinde Xu030 Hisselerinde ve… https://t.co/Btx2J1x4Zp",Mon Feb 14 20:50:28 +0000 2022
Btcrobotu,"Herkese Merhaba

11 Şubat itibariyle Algoritmalarımızda son durum.

Böylelikle 3.5 içerisinde Xu030 Hisselerinde ve… https://t.co/ojU5XYnuln",Fri Feb 11 19:47:41 +0000 2022
Btcrobotu,"EREGL Son durum.

Algoritmalarımızda bugün toplamda % 110 getiri ile yeni overall tazenlenmiştir. https://t.co/dQUcJ3SxUW",Thu Feb 10 17:47:09 +0000 2022
Btcrobotu,"Herkese Merhaba

10 Şubat itibariyle Algoritmalarımızda son durum.

Böylelikle 3.5 içerisinde Xu030 Hisselerinde ve… https://t.co/bEnJz85UOo",Thu Feb 10 17:43:43 +0000 2022
Btcrobotu,"Herkese Merhaba

9 Şubat itibariyle Algoritmalarımızda son durum.

Böylelikle 3.5 içerisinde Xu030 Hisselerinde ve… https://t.co/zaFHdDz8Cg",Wed Feb 09 16:41:47 +0000 2022
Btcrobotu,"Herkese Merhaba

9 Şubat itibariyle Algoritmalarımızda son durum.

Böylelikle 3.5 içerisinde Xu030 Hisselerinde ve… https://t.co/d28Igb6c0H",Tue Feb 08 20:44:52 +0000 2022
Btcrobotu,"7 Şubat Eregl 

Algoritmalarımızda son durum 

% 90 üzerinde kanç sağlamıştır. https://t.co/tGI9uOnTew",Mon Feb 07 18:13:02 +0000 2022
Btcrobotu,Açığa satış işlemleri dahil değildir. !,Mon Feb 07 18:11:17 +0000 2022
Btcrobotu,"7 Şubat itibariyle Krdmd algoritmalarımızda toplam kazanç 34 işlem ile  % 114 e ulaşmıştır.

Algoritmalarımız hakkı… https://t.co/VTrdUlliPa",Mon Feb 07 18:00:50 +0000 2022
Btcrobotu,"Herkese Merhaba

7 Şubat itibariyle Algoritmalarımızda yeni overall tazenlenmiştir.

Böylelikle 3.5 içerisinde Xu03… https://t.co/bXggYE3adq",Mon Feb 07 17:55:58 +0000 2022
Btcrobotu,@SudemirSalim @NihalAkarsu34 ince espiler ve kapaklar  bonus :),Sat Feb 05 21:05:32 +0000 2022
Btcrobotu,"@NihalAkarsu34 1- yabancı dizi:  person of interest ( aksiyon bilim kurgu )

2- mad max of road ( full aksiyon)

3-… https://t.co/PKWdcL4zP7",Sat Feb 05 21:03:12 +0000 2022
Btcrobotu,4 şubat itibariyle #sasa son durum https://t.co/paqTidj7jx,Fri Feb 04 17:47:12 +0000 2022
kriptowarrior,#MoonXBT borsası Copy-Trade işlemimizi aktif etti yakında açtığım kapadığım tüm pozisyonları direk görebileceksiniz… https://t.co/TZdmorTIJk,Mon May 23 10:37:46 +0000 2022
kriptowarrior,"RT @traderOzanARMAN: Mutlu sabahlar için buradayız.

Alındı, Kazanç ile ayrılındı.

357 $ / 5.694 ₺

Kendine yaslanan dik yürür.

#Forex #B…",Mon May 23 09:41:16 +0000 2022
kriptowarrior,"Kadın fenomen olmaya çalışan bir kişi güçlü boğa bölgesindeyiz diye twit atmış.

Doğru söylüyor boynuzlarıda benim bölgede. 😂

#btc",Mon May 23 09:39:16 +0000 2022
kriptowarrior,"Kripto piyasasında Ralli gelmeyecekse, Batuflex c5 Ralli dinleriz.",Sun May 22 17:10:15 +0000 2022
kriptowarrior,@DogukanZorbey aynen öyle büyük bir tezgah kurmuşlar zaten vurgunun kralını yaptılar hala yüzsüz gibi daha da yapmaya çalışıyolar.,Sun May 22 13:22:19 +0000 2022
kriptowarrior,@HighAxi neden sileyim dostum ?,Sun May 22 13:00:43 +0000 2022
kriptowarrior,$Luna yatırımcıları hayatımda gördüğüm en salak topluluk eldeki #luna ları ceo ya gönderiyolar yaksınlar diye bugün… https://t.co/jWi7S3lcMy,Sun May 22 12:35:39 +0000 2022
kriptowarrior,"Kripto savaşçısı dostlarım Günaydın, mutlu pazarlar.",Sun May 22 07:31:00 +0000 2022
kriptowarrior,"Kripto savaşçısı dostlarım 

Bu ayı süreci bitecek sabırlı olun müthiş derecede paralar kazanacağımız sürece AZ KALDI !",Sat May 21 19:08:49 +0000 2022
kriptowarrior,Tavuk döner yememizin sebebisin #Bitcoin 40 k $ üstüne geçerse ET Dönere geçeriz.,Sat May 21 11:54:19 +0000 2022
kriptowarrior,Bugün fazla aktif olamadım dostlar kusura bakmayın bütün gün dışarıdaki işleri halettim.,Fri May 20 18:46:38 +0000 2022
kriptowarrior,"#Gem proje tanıtımı teklifi yapmamanızı önemle rica ediyorum.

Binlerce can yandı 200-300 $ reklam ödemesi yapıp bi… https://t.co/HxNa6nIePq",Fri May 20 11:43:40 +0000 2022
kriptowarrior,"Kripto savaşçısı dostlarım GÜNAYDIN.

Piyasayı yukarı atacak habere ihtiyacımız var.",Fri May 20 07:34:00 +0000 2022
kriptowarrior,@Sleymanankaya6 uid numaranı ve sorununu detaylı şekilde bana dm den iletir misin?,Thu May 19 19:48:29 +0000 2022
kriptowarrior,@Vdt_Macit keşke sen olsaydın abi :(,Thu May 19 19:41:15 +0000 2022
kriptowarrior,@Sleymanankaya6 sorununu ticket olarak veya canlı desteğe yazdın mı bana dm den tekrardan durumu ilet bende… https://t.co/vEtwxYTxrk,Thu May 19 19:40:49 +0000 2022
kriptowarrior,"Tebrik ediyorum var mı benim takipçilerden ödül kazanan ?

Moonxbt BORSASI Türkiye'de ÇIĞIR açmaya geliyor.

kayıt… https://t.co/MFUxo0rA4i",Thu May 19 19:20:16 +0000 2022
kriptowarrior,"“Ey Türk istikbalinin evladı!
İşte, bu ahval ve şerait içinde dahi vazifen, Türk İstiklal ve Cumhuriyetini kurtarma… https://t.co/rMb6jOfqMM",Thu May 19 15:22:06 +0000 2022
kriptowarrior,"Kripto Savaşçısı dostlarım GÜNAYDIN.

Piyasa da ne yazık ki karabulutlar kalkmış değil hem küresel hemde kripto tah… https://t.co/pD8X247d8y",Thu May 19 08:25:00 +0000 2022
kriptowarrior,"Kazanan @emreaslankripto Tebrikler.

bana moonxbt borsasında trc-20 adresini ve gerçek kişilik için kimliğini dm de… https://t.co/gz1P1o2YxW",Wed May 18 19:38:53 +0000 2022
LoyaTheTrader,"2022'de olacağına asla inanılmayan büyük boğa koşusunun dibi burası olabilir mi? 

#Bitcoin https://t.co/RVP6lC8XpE",Sun May 22 19:17:35 +0000 2022
LoyaTheTrader,Görüntü önemli bir karar bölgesinde olduğumuza işaret ediyor... Yukarı kırması ve 33.500$ üzerine hızla yükselmesi… https://t.co/qoDJ4au2BU,Sun May 22 18:56:20 +0000 2022
LoyaTheTrader,#Bitcoin daha önce bulunduğumuz fiyat bölgesini kuvvetli destek olarak gördü ve her dokunuştan sonra yukarı daha ku… https://t.co/52FZYecJxs,Sun May 22 18:43:09 +0000 2022
LoyaTheTrader,@HseyinBariDal1 hoş geldiniz :),Sun May 22 15:07:51 +0000 2022
LoyaTheTrader,"MÜJDE!... Haftalık Bülten Yayımlamaya başlıyorum.

📌 Son Gelişmeler
📌 Teknik Hedefler
📌 Makaleler

E-mail üzerinden… https://t.co/I3AqphoEIO",Sun May 22 15:06:14 +0000 2022
LoyaTheTrader,@Para_Transferi Porsche istiyorum ben😄,Sun May 22 12:21:34 +0000 2022
LoyaTheTrader,"#Bitcoin'de her halving döngüsü ortasında gelen 65 haftalık bir düşüş...

• Sonra akümülasyon 
• ve büyük bir ralli… https://t.co/IJzl2qFan2",Sat May 21 12:38:22 +0000 2022
LoyaTheTrader,@Coinmatik1 tebrik ederim kıymetli hocam... Çok daha fazlasını hak ediyorsunuz,Sat May 21 12:36:45 +0000 2022
LoyaTheTrader,#Bitcoin geçmişte iki kez RSI göstergesi 40 altına indiğinde kuvvetli akümülasyon bölgesi olarak çalıştı ve yukarı… https://t.co/PxIW8dl3Tx,Fri May 20 20:04:57 +0000 2022
LoyaTheTrader,"#Bitcoin'deki yapı, 2008 krizinde S&amp;P500 grafiğine benziyor. Bu yapı sonrası büyük bir ralli koşusu gelmişti... 

Ş… https://t.co/qLRlEUlJXM",Fri May 20 17:59:19 +0000 2022
LoyaTheTrader,"#Bitcoin teknik görünüm... 

Maalesef hepimiz yorulduk. Ancak istedikleri de bu değil mi zaten? Büyük bir ralli koş… https://t.co/Vb8RYzGFfj",Fri May 20 15:55:11 +0000 2022
LoyaTheTrader,"Yeni bir yükseliş dalgası mı gelecek yoksa piyasa gel gel mi yapıyor?

Market maker'ın niyetini yakında yakında öğreniriz",Thu May 19 23:49:15 +0000 2022
LoyaTheTrader,"Günlük macd bullish kesişime hazırlanırken kısa vadeli görüntüde TOBO oluşumu göze çarpıyor.

#bitcoin… https://t.co/QuNXvP52zW",Thu May 19 23:46:16 +0000 2022
LoyaTheTrader,#Bitcoin'de ters flama oluşumu yeni bir satış baskısı gelebileceğini söylüyor ancak MACD indikatöründeki bullish ke… https://t.co/aDjM0J4HtF,Thu May 19 17:57:20 +0000 2022
LoyaTheTrader,#luna olayı kripto paralara çok büyük zarar verdi. Retaili riskli varlıklara çekmek kolay ancak kurumsal yatırımcıy… https://t.co/cOJQ7kYLZI,Thu May 19 12:37:48 +0000 2022
LoyaTheTrader,@kursadbucak +1,Thu May 19 09:53:03 +0000 2022
LoyaTheTrader,"#tsla grafiğinde teknik görüntü mal dağıtım bölgesinde olduğumuza işaret ediyor. 

TESLA'da ABD borsalarına paralel… https://t.co/DicWyIkbh3",Thu May 19 09:49:23 +0000 2022
LoyaTheTrader,Not: Kimse bu oluşumların kesin olarak çalışacağının garantisini veremez.,Wed May 18 16:52:15 +0000 2022
LoyaTheTrader,"Gram altında teknik görünüm... 

#gramaltın #altın #usdtry https://t.co/BuEfhw03uM",Wed May 18 16:51:53 +0000 2022
LoyaTheTrader,Türk Lirası tarafında teknik analizin çok sağlıklı çalıştığını söylemek abesle iştigal olur... Zira 18 liradan gele… https://t.co/yThVk5ck5P,Wed May 18 16:21:37 +0000 2022
Kriptokoin,"#QMALL Borsası, #EasyPayGroup ile Ortaklık İmzaladı https://t.co/uLnbjRw25P",Mon May 23 13:40:14 +0000 2022
Kriptokoin,#AVAX Mucidi O #Altcoin İçin Konuştu: Elimizdekiler Sıfırlandı! https://t.co/x3Mfq7kWAT,Mon May 23 13:33:54 +0000 2022
Kriptokoin,Uzmanlar: #Bitcoin Hafta İçinde Bu Seviyeleri Görecek! https://t.co/Rcu9e6GBMq,Mon May 23 13:01:20 +0000 2022
Kriptokoin,"Dev Borsadan #LUNA, #SHIB ve Bu 8 #Altcoin İçin Önemli Karar! https://t.co/cOB6fEEtwt",Mon May 23 12:30:55 +0000 2022
Kriptokoin,Haftanın #Altın Grafiği Çıktı: İşte Beklenen Seviyeler! https://t.co/qVEIUYytvv,Mon May 23 12:00:18 +0000 2022
Kriptokoin,"Kriptokoin Token(KRIPTO) White Paper'i Yayında!👇

#KriptoKoin #KRIPTO #KriptokoinToken 

https://t.co/R9Iv1CozLl",Mon May 23 12:00:06 +0000 2022
Kriptokoin,#LUNA ve #UST İçin 8 Son Dakika Gelişmesi Var: İşte Detaylar! https://t.co/VBIbNaoQle,Mon May 23 11:42:23 +0000 2022
Kriptokoin,"RT @kriptokoin: 📊Bitcoin Hafta İçinde Hangi Seviyeleri Görecek? Şimdi Oylayın!👇
#Bitcoin #BTC",Mon May 23 11:13:59 +0000 2022
Kriptokoin,"İşte Bu Hafta #BTC, #SHIB ve #Altcoin'leri Etkileyecek 5 Olay! https://t.co/g8x54CJCiO",Mon May 23 11:08:36 +0000 2022
Kriptokoin,#Binance Bu #Altcoin’ler İçin Duyuru Yaptı: Ekleniyorlar! https://t.co/gIvLnWolWf,Mon May 23 10:39:47 +0000 2022
Kriptokoin,#Binance CEO'su Bu 3 #Altcoin İçin Konuştu: Alım Yapın Demiyoruz! https://t.co/pGbvsBBj37,Mon May 23 10:38:05 +0000 2022
Kriptokoin,#LUNA Mucidinin Eski Konuşması Sızdı: Ölüm Anahtarı Varmış! https://t.co/eCqqhV50sY,Mon May 23 10:04:12 +0000 2022
Kriptokoin,Bu Hafta O 32 #Altcoin'e Dikkat: İşte Olacakların Listesi! https://t.co/wU9A8u0iG8,Mon May 23 09:30:28 +0000 2022
Kriptokoin,"Roller Değişti: Bu 12 Web3, Meme ve #Metaverse #Coin Fırladı! https://t.co/q1Z8qk332z",Mon May 23 09:03:53 +0000 2022
Kriptokoin,"Güncel Piyasa Bilgisi 
@Bitcicom Katkılarıyla 

#Kripto para piyasası ile ilgili güncel ve detaylı bilgiler için👇
🔗… https://t.co/HpPXF3c73s",Mon May 23 08:45:00 +0000 2022
Kriptokoin,Kritik Bitcoin Seviyelerini Bildi: Sıradaki Seviyeler Bunlar! https://t.co/1WizdzlvFL,Mon May 23 08:33:05 +0000 2022
Kriptokoin,"📊Bitcoin Hafta İçinde Hangi Seviyeleri Görecek? Şimdi Oylayın!👇
#Bitcoin #BTC",Mon May 23 08:15:03 +0000 2022
Kriptokoin,#Bitcoin Safiye ve #Thodex Olayında Son Dakika Gelişmeleri! https://t.co/9xubkvZ3KU,Mon May 23 08:09:56 +0000 2022
Kriptokoin,#LUNA Mucidi Önemli Bir Açıklama Yaptı: Fiyat Yükseliyor! https://t.co/gX1iJ4YYBx,Mon May 23 07:31:24 +0000 2022
Kriptokoin,"🖊️KRIPTO White Paper'ı bugün yayında olacak!

🔥Hazır mısınız?

😎Başlıyoruz...

#KriptokoinToken #KRIPTO #KriptoKoinHolders",Mon May 23 07:26:41 +0000 2022
CryptoSarelf,2020 pandemiden sonraki en büyük düşüş ve momentum yorgunluğu benim 2020 marttan sonraki benzer bir ralli koşusunun… https://t.co/L2K3GdqAeq,Mon May 23 12:41:24 +0000 2022
CryptoSarelf,1 Haziran FED sıkılaştırılmış para politikasını başlattığı zamandan itibaren ilk bir kaç gün sığ hacim devam etsede… https://t.co/xNbZzsqxAI,Mon May 23 12:40:51 +0000 2022
CryptoSarelf,ABD Endekslerinde satışların kısmi olarak yavaşladığını görüyoruz. Kriptoda buna ayak uyduracaktır. Kriptonun yükse… https://t.co/4xY4xBjCTm,Mon May 23 12:40:35 +0000 2022
CryptoSarelf,"Günaydın Dostlar 😎☀️☀️

Piyasa açılış gününde uzun yeşil mumlar görmek dileğiyle. 😎🚀",Mon May 23 05:51:49 +0000 2022
CryptoSarelf,@ProfesorTurkmen Bu nasıl saçma bişey? Yakım için millet gönderiyorsa gönderen yakımdan sonra ne alacak? Hava gazı mı,Sun May 22 20:47:13 +0000 2022
CryptoSarelf,@tolgahanizmir :) Coin bu coinin amacı oyun,Sun May 22 17:59:28 +0000 2022
CryptoSarelf,@kr69569709 :),Sun May 22 17:39:03 +0000 2022
CryptoSarelf,@eypakky Bunu duyan btc yine düştü,Sun May 22 16:27:13 +0000 2022
CryptoSarelf,@PittBurakk Aslan yeğenim,Sun May 22 16:25:54 +0000 2022
CryptoSarelf,@avabelshaw Duble boğa,Sun May 22 16:23:49 +0000 2022
CryptoSarelf,@aktekin_rasit :)),Sun May 22 16:17:10 +0000 2022
CryptoSarelf,30.700$ Anan ölsün #bitcoin,Sun May 22 16:15:00 +0000 2022
CryptoSarelf,@mesgo_ :)))),Sun May 22 13:19:58 +0000 2022
CryptoSarelf,@CryptoErge Tebrikler brocum çok çalışıyorsunuz bol kazançlar 🌹🤝,Sun May 22 13:00:44 +0000 2022
CryptoSarelf,@erdemkynk :)))),Sun May 22 12:07:10 +0000 2022
CryptoSarelf,@VWMEHMETT Mars’ta seçim var abi,Sun May 22 10:42:00 +0000 2022
CryptoSarelf,@cryptotrfacts %100 maldayım yeğenim. Bu hafta %120 olacak Allah’ın izniyle 😂😂😂,Sun May 22 10:41:19 +0000 2022
CryptoSarelf,@sntcapitalBTC Senin mk ben 😂😂😂😂,Sun May 22 10:37:27 +0000 2022
CryptoSarelf,Türk halkı eskiden pazar günü mangal yakar çimlerin üstünde yuvarlanır aile saadeti yaşardı. Senle tanıştıktan sonr… https://t.co/DwAShDPxVZ,Sun May 22 10:33:09 +0000 2022
CryptoSarelf,@VWMEHMETT Balık hastalıktır kripto dinlemez :))),Sun May 22 10:13:39 +0000 2022
Cointr,Analist: Konsolidasyon Döneminde Bu 3 Altcoin Patlama Yapabilir!   https://t.co/OTHaa4Hpwd,Mon May 23 13:28:52 +0000 2022
Cointr,134 Bin Katılımcı Oy Kullandı: Bitcoin 5 Yıl Sonra Hangi Seviyede Olacak?   https://t.co/FAPuc9hXpO,Mon May 23 12:55:20 +0000 2022
Cointr,Dünyaca Ünlü Firma Ödemelerde Kripto Para Kabul Etmeye Başlıyor!   https://t.co/BDA7fsWKQx,Mon May 23 12:35:39 +0000 2022
Cointr,GameStop'tan Çarpıcı NFT Hamlesi: Yayınlandı!   https://t.co/hwE8pq7ri6,Mon May 23 12:03:18 +0000 2022
Cointr,Analist İddialı: Bu Altcoin 2022’nin Ethereum’u Olacak!   https://t.co/Y7FiIPkXZK,Mon May 23 11:14:10 +0000 2022
Cointr,Kimlik Avı Dolandırıcıları İş Başında: Yeni Hedef Ünlü NFT Sanatçısı!   https://t.co/rqWapRWDMi,Mon May 23 11:01:45 +0000 2022
Cointr,Terra'da Şok İddia: ''Ölüm Anahtarı Armageddon'' Gündemi Sallıyor!   https://t.co/H4T4ozOXvF,Mon May 23 10:28:01 +0000 2022
Cointr,Terra  (LUNA) Şaha Kalktı: İşte Yükselişin Arkasındaki 3 Olası Neden!   https://t.co/Rm9GmubUQA,Mon May 23 09:29:32 +0000 2022
Cointr,"On-Chain Metrikleri, Bitcoin ve Kripto Para Piyasası Adına Hangi Yöne İşaret Ediyor?   https://t.co/JAAvUV8Ssf",Mon May 23 08:46:41 +0000 2022
Cointr,"NFT Summit İstanbul, Dünyanın En Önemli Sanatçılarını Ağırlıyor   https://t.co/9Bqa82D7b4",Mon May 23 07:39:48 +0000 2022
Cointr,"Analist, 2014 ve 2018 Yıllarına İşaret Etti: ""Bitcoin (BTC), Bu Fiyat Seviyelerine Gerileyebilir!""   https://t.co/TxCTFgj5RY",Mon May 23 07:25:23 +0000 2022
Cointr,https://t.co/nLEJxtFBVP’nun 9 Yıllık Yolculuğu ve Elde Ettiği Başarılar   https://t.co/Y99qWeZNbv,Mon May 23 07:02:25 +0000 2022
Cointr,TerraUSD Krizinin Etkileri Devam Ediyor: USDT'nin Piyasa Değerinde 10 Milyar Dolarlık Düşüş!   https://t.co/4SNFFuqDjJ,Mon May 23 06:18:50 +0000 2022
Cointr,"Analiste Göre Bu İki Altcoin, Yakın Vadede Güçlü Yükseliş İvmesi Yakalayabilir!   https://t.co/NlYyTXs7Du",Mon May 23 05:47:38 +0000 2022
Cointr,Piyasaya Güncel Bakış: Bitcoin (BTC) ve Altcoin'lerde Son Durum!   https://t.co/teibl03Tob,Mon May 23 05:19:49 +0000 2022
Cointr,Ripple (XRP) Yorumları! Veriler Ne Diyor?   https://t.co/KvHH55K3nZ,Sun May 22 19:11:12 +0000 2022
Cointr,2025 Yılında Uçacak 5 Altcoin! Uzman Analistler Açıkladı!   https://t.co/JuaNufWxKf,Sun May 22 17:52:33 +0000 2022
Cointr,Cardano'da (ADA) Düşüş Derinleşecek mi? İşte Güncel Veriler!   https://t.co/gvshmbBpj5,Sun May 22 17:39:15 +0000 2022
Cointr,"Dogecoin, Sandbox ve GALA Token Yorumları!   https://t.co/nTrpECDJvm",Sun May 22 16:31:24 +0000 2022
Cointr,Shiba Inu (SHIB) İçin Kritik Hafta! Fiyat Etkilenebilir!   https://t.co/t1xhgOnCDa,Sun May 22 15:03:56 +0000 2022
KoinBulteni,"📍 Terra kurucusu Do Kwon: Token'larınızı kaybetmeniz dışında bir şey olmuyor

https://t.co/b2AKp7u21r",Mon May 23 13:04:39 +0000 2022
KoinBulteni,"📍 #Metaverse Dünyasında Yerini Alan Son Türk Şirketi: Abdi İbrahim

https://t.co/pB6L9TpYmA",Mon May 23 12:00:20 +0000 2022
KoinBulteni,"📍 #Bitcoin'de son durum: On-Chain verileri ve analist yorumu

https://t.co/9KElJ8JUhs",Mon May 23 11:32:49 +0000 2022
KoinBulteni,#Bitcoin ilk defa 8 hafta üst üste kırmızı kapattı https://t.co/T3eFOIfznJ,Mon May 23 10:08:19 +0000 2022
KoinBulteni,📍 Dünyaca Ünlü Markaların Kriptoya Artan İlgisi Devam Ediyor: Fransız Marka #Bitcoin (BTC) ve #Ethereum (ETH) Kabul… https://t.co/o06W2zZqZF,Mon May 23 09:47:04 +0000 2022
KoinBulteni,"📍 Avalanche (#AVAX) ağının geliştirici şirketi Ava Labs'ın kurucusu Emin Gün Sirer, #LUNA'nın çöküşü hakkında açıkl… https://t.co/TGLRvm6w8R",Mon May 23 08:38:03 +0000 2022
KoinBulteni,"📍 Ünlü #NFT geliştiricisi ""Beeple""ın twitter hesabı hack'lendi: 438 bin dolar değerinde NFT çalındı

https://t.co/wGa0ef4Ka3",Mon May 23 06:59:44 +0000 2022
KoinBulteni,"📍 24 saatte yüzde 100 artan #LUNA neden yükseliyor?

https://t.co/IHRDxJmG8Z",Sun May 22 15:42:08 +0000 2022
KoinBulteni,"📍 #Bitcoin 8. Haftayı Kırmızı Mı Kapatacak?

https://t.co/bMeelKvrIY",Sun May 22 11:08:57 +0000 2022
KoinBulteni,📍 Türkiye’nin bu hafta en çok aradığı 10 #altcoin (21 Mayıs); ilk sırada geçtiğimiz hafta olduğu gibi #Terra (LUNA)… https://t.co/ZD4UobVCK2,Sat May 21 19:01:00 +0000 2022
KoinBulteni,"RT @KoinBulteni: 📍 #Bitexen’in Listelediği #Taraftar (Fan) Tokenlarda Neler Olacak?

https://t.co/98MJIUCb00",Sat May 21 11:18:32 +0000 2022
KoinBulteni,"📍 Ünlü analist PlanB'ye göre ""Ayı"" piyasası nerdeyse bitti

https://t.co/JGC5bhOy5W",Sat May 21 08:46:52 +0000 2022
KoinBulteni,"📍 Avrupa Merkez Bankası (ECB) Başkanı'ndan Kripto Para Açıklamaları: ""Değersiz""

https://t.co/wIWo3lkLto",Sat May 21 07:53:04 +0000 2022
KoinBulteni,"📍 Bu Hafta En Çok Kazandıran 10 #Altcoin (21 Mayıs)

https://t.co/6MHe4VpWV7",Sat May 21 07:46:57 +0000 2022
KoinBulteni,📍 Cumhurbaşkanlığı Dijital Dönüşüm Ofisi Başkanı Ali Taha Koç: Sn.Cumhurbaşkanı'mızın masa tenisindeki merak edilen… https://t.co/i5J1nLYRwP,Sat May 21 07:10:20 +0000 2022
KoinBulteni,"📍 Manchester City, Animoca Brands'ın yan kuruluşu Quidd ile ortaklık kurarak #NFT koleksiyonu başlattı

https://t.co/1XkqhYvtHE",Sat May 21 06:58:40 +0000 2022
KoinBulteni,"📍 DeFi platformu iZUMi Finance, 30 milyon dolar fonlama aldı ve yeni bir DEX kurdu
https://t.co/OjT0C1TJ1N",Fri May 20 17:41:34 +0000 2022
KoinBulteni,"📍 G7 maliye bakanlarına göre geleneksel finans sektöründeki standartlar, stablecoinler için de geçerli olmalı
https://t.co/4fXoF7bMS2",Fri May 20 17:35:33 +0000 2022
KoinBulteni,"📍 #Bitexen’in Listelediği #Taraftar (Fan) Tokenlarda Neler Olacak?

https://t.co/98MJIUCb00",Fri May 20 16:57:57 +0000 2022
KoinBulteni,"📍 #LUNA ve #UST Çöküşünün Etkileri: Birleşik Krallık Kripto Para Düzenlemelerini Hızlandırıyor

https://t.co/TJa2SoyT4Y",Fri May 20 15:01:00 +0000 2022
BTCHabercom,"Ünlü rapçi Drake (@Drake), Formula 1'de 234 bin dolarlık #Bitcoin kaybetti.

Rapçi, Ferrari sürücüsü Charles Lecler… https://t.co/QEg95sTTNp",Mon May 23 13:33:00 +0000 2022
BTCHabercom,"Çip üreticisi #Broadcom'un, bulut bilişim şirketi #VMware'i satın almak için görüşmelerde bulunduğu bildirildi. 

https://t.co/Mghq4AsUDQ",Mon May 23 13:03:00 +0000 2022
BTCHabercom,"Yönetimi altında 360 milyar dolar bulunan Japon Bankası Sumitomo Mitsui Trust, kurumsal yatırımcıları için kripto v… https://t.co/0QHjquBQAN",Mon May 23 12:33:00 +0000 2022
BTCHabercom,RT @BTCHabercom: Bugün saat 15:00’da Emirhan Erdoğan (@eemirhanerdogan) ve Beste Naz Süllü (@bestenazsullu) kripto para piyasasındaki son d…,Mon May 23 12:03:21 +0000 2022
BTCHabercom,"Fransız bankacılık devi BNP Paribas, sabit getirili piyasa ticareti için JPMorgan destekli #Blockchain tabanlı ağın… https://t.co/LzBGxv9vjI",Mon May 23 12:03:00 +0000 2022
BTCHabercom,Bugün saat 15:00’da Emirhan Erdoğan (@eemirhanerdogan) ve Beste Naz Süllü (@bestenazsullu) kripto para piyasasındak… https://t.co/DWKyyrnP0n,Mon May 23 10:52:38 +0000 2022
BTCHabercom,Her işletme süresiz ömürlü olarak kurulur. Ancak bazı işletmelerin ömrü kısa sürer. Bunun belirli sebepleri vardır.… https://t.co/wX5IvX3J8k,Mon May 23 10:31:00 +0000 2022
BTCHabercom,"#TCMB, mayıs ayına ilişkin piyasa katılımcıları anketinin sonuçları açıkladı. 

Piyasanın yıl sonu enflasyon beklen… https://t.co/rgDXoW05g3",Mon May 23 10:01:00 +0000 2022
BTCHabercom,"Çin #Blockchain tabanlı hizmet ağı (#BSN), ilk büyük uluslararası projesi Spartan Network’ü, ağustos ayında başlatm… https://t.co/1byof6HRfW",Mon May 23 09:33:00 +0000 2022
BTCHabercom,"GameStop, #NFT cüzdan eklentisinin beta sürümünü Google Chrome üzerinden kullanıcıların erişimine açtı. 

https://t.co/XpsrZTydb9",Mon May 23 09:01:00 +0000 2022
BTCHabercom,"Risk sermeyesi şirketi Crypto Valley Venture Capital, önümüzdeki dört yıl içinde 100 #Blockchain girişimini destekl… https://t.co/uCXkx2yIbf",Mon May 23 08:33:00 +0000 2022
BTCHabercom,"#Bitcoin 30.000 doları yeniden aşarken yükseliş sinyalleri güçleniyor. Peki Bitcoin'deki yükseliş sürecek mi?

https://t.co/nTbn4XfRcS",Mon May 23 08:11:00 +0000 2022
BTCHabercom,"Terra CEO'su Do Kwon (@stablekwon), resmi Twitter hesabı üzerinden yaptığı bir paylaşımda Terra'nın (#LUNA) yakılma… https://t.co/pxTrp5UZLI",Mon May 23 07:52:00 +0000 2022
BTCHabercom,"Bahreyn merkezli kripto para borsası #CoinMENA, Katar pazarına girdiğini duyurdu. CoinMENA, platformunu Katarlıları… https://t.co/CDiipwEHmO",Mon May 23 07:33:00 +0000 2022
BTCHabercom,"Terraform Labs CEO’su Do Kwon (@stablekwon), şirketin Güney Kore’deki iki ofisini kapatma kararının ‘tesadüf’ olduğ… https://t.co/PMMeSWQsbK",Mon May 23 07:10:00 +0000 2022
BTCHabercom,"Dolar, 15,90 TL’den işlem görüyor. Euro/TL ise 16,87 seviyesinde. Piyasalar, haftanın ilk iş gününe nasıl başladı?

https://t.co/SU9LxC3cjN",Mon May 23 06:58:27 +0000 2022
BTCHabercom,Günün Piyasa Verileri - 23 Mayıs 2022 https://t.co/bTDHskfg5v,Mon May 23 06:41:13 +0000 2022
BTCHabercom,"Moda ve giyim şirketi Balenciaga,  BitPay aracılığı ile #Bitcoin ve #Ethereum kabul ediyor.

https://t.co/VQ3NFN3KUj",Mon May 23 06:41:00 +0000 2022
BTCHabercom,"Kripto borsası #CoinSwitch'in CEO'su Ashish Singhal, Hindistan'ın düzenleyici belirsizliği çözmek ve sektörü destek… https://t.co/HWwTNxIuXD",Mon May 23 06:20:52 +0000 2022
BTCHabercom,"@melishazalkrgz Detaylar için: 

https://t.co/qNLL0Xk7Kn",Mon May 23 06:04:48 +0000 2022
Coinnethaber,"#Rusya’nın En Eski Hapishanesi, Artık #Kripto Madenciliği Çiftliği https://t.co/3mEcbWgWOM",Mon May 23 12:55:26 +0000 2022
Coinnethaber,"#IMF ve El Salvador, #Bitcoin Kullanımı da Dahil Olmak Üzere Görüşme Halinde https://t.co/Y6vCWeyN58",Mon May 23 10:26:18 +0000 2022
Coinnethaber,NFT sanatçısı olarak ünlenen Mike Winkelmann (Beeple)’a ait olan Twitter hesabı çalındı ve bir kimlik avı saldırısı… https://t.co/640SpRwXgg,Mon May 23 09:33:50 +0000 2022
Coinnethaber,"#Bitcoin 8. Haftada Yine Gerileyerek, Yeni Rekorlar Kırdı https://t.co/INEVWWBLZK",Mon May 23 09:18:50 +0000 2022
Coinnethaber,"Çin yönetimi tarafından desteklenen blockchain ağ BSN ( #Blockchain Hizmet Ağı), yeni bir kararla sınırlarının dışı… https://t.co/gLubHiiZff",Mon May 23 09:07:52 +0000 2022
Coinnethaber,"#Hindistan Merkezli #CoinSwitch, Barış ve Kesinlik Çağrısında Bulundu https://t.co/ATVceOZXR4",Mon May 23 07:40:52 +0000 2022
Coinnethaber,"#Solar Sanat Yarışması, Yaratıcılık Solar ile başlar! #SXP https://t.co/8qF3UQq9Tv",Sun May 22 18:27:10 +0000 2022
Coinnethaber,"Bankalararası Ödeme ve Mesajlaşma Protokolü (SWIFT), merkez bankalar tarafından yürütülen #CBDC çalışmaları için de… https://t.co/R8nb5ndx1V",Sun May 22 11:41:15 +0000 2022
Coinnethaber,#Kripto Meraklıları Tüm Dünyada #Bitcoin #Pizza Günü'nü Kutluyor. https://t.co/kZGQ0Nc7u5,Sun May 22 10:10:47 +0000 2022
Coinnethaber,#Bitcoin fiyatı halen 30 bin dolar sınır çizgisinin altında yer alıyor. Aynı zamanda varlık 8 hafta üst üste kırmız… https://t.co/40Ec70bOdE,Sun May 22 10:07:58 +0000 2022
Coinnethaber,"#ElonMusk, #Bitcoin-Fiat Para birimi Kıyasında Kriptoyu Desteklediğini Söyledi https://t.co/fSkzwP5AzU",Sun May 22 09:25:04 +0000 2022
Coinnethaber,"Avrupa Merkez Bankası (ECB) başkanı Christine Lagarde, geçtiğimiz günlerde yaptığı röportajda kripto paralar hakkın… https://t.co/Zq34v6aAdT",Sat May 21 11:46:12 +0000 2022
Coinnethaber,"#ArthurHayes, İki Yıl Denetimli Serbestlik, Altı Ay Ev Hapsine Mahkum Edildi https://t.co/w2rQduZeE2",Sat May 21 10:55:55 +0000 2022
Coinnethaber,Norveç bir süredir tartışma konusu olan #Bitcoin madenciliği konusunu tartışıyor. Bu konuda parlamentoya gelen yasa… https://t.co/kaJ0dyP4CH,Sat May 21 10:29:00 +0000 2022
Coinnethaber,"#Texas, #Kripto Dünyasının Silikon Vadisi Olmaya Hazır https://t.co/cdOdcvLOlV",Sat May 21 07:40:45 +0000 2022
Coinnethaber,"#CZ, #Terra’nın Çöküşünden Dersler Çıkarılması Gerektiğini Düşünüyor https://t.co/531buXZug4",Sat May 21 07:11:01 +0000 2022
Coinnethaber,"#VitalikButerin, #Ethereum Birleşmesiyle İlgili Açıklama Yaptı https://t.co/nwgazGQUep",Fri May 20 13:08:42 +0000 2022
Coinnethaber,5.4 Milyar SHIB 24 Saat İçinde Yakmasına Rağmen Fiyat Halen Düşük https://t.co/nxctigw3lE,Fri May 20 13:05:31 +0000 2022
Coinnethaber,İngiltere Düzenleyicisi #Terra Fallout’u İnceliyor https://t.co/efJiNyf1NN,Fri May 20 11:20:22 +0000 2022
Coinnethaber,"Kripto para piyasalarında yaşanan düşüş ile birçok yatırımcının bu alana güveni azaldı. Ancak #Cardano, bu noktada… https://t.co/BGpu4gwrMs",Fri May 20 11:12:35 +0000 2022
KriptoTurk_TR,tünaydın bol kazançlı bir hafta olsun inşallah 👍❤️,Mon May 23 09:43:55 +0000 2022
KriptoTurk_TR,@Duffytrader çok geçmiş olsun dafim,Sun May 22 13:45:06 +0000 2022
KriptoTurk_TR,@milyonerzihin hocam yine formunda 😁 https://t.co/AnSwqBlKMp,Sun May 22 11:35:47 +0000 2022
KriptoTurk_TR,Günaydın gençler hayırlı huzurlu bir pazar olması dileğiyle.. ❤️,Sun May 22 06:11:20 +0000 2022
KriptoTurk_TR,@RaindropCrypto günaydın hocam 👍,Sun May 22 04:46:00 +0000 2022
KriptoTurk_TR,@FTX_TR @KriptoFati sakalımız yok diye nazımızda geçmiyor galiba ? hani bize @FTX_TR https://t.co/Z7QMJiYvJ7,Sat May 21 22:09:21 +0000 2022
KriptoTurk_TR,@kriptoBurju sendeki potansiyeli hepimiz biliyoruz abla ama gerek yok şimdi nazar felan değer 😁❤️,Fri May 20 22:22:31 +0000 2022
KriptoTurk_TR,@Duffytrader @hodlerr0 pov: all in $avax almışımdır.,Fri May 20 19:11:23 +0000 2022
KriptoTurk_TR,"Selam gençler piyasa yine hacimsiz, can sıkıcı. Her yaz olduğu gibi bu yazda piyasa hacimsiz olacak gibi.. STOPLU b… https://t.co/VOlT3T2Up8",Fri May 20 17:20:32 +0000 2022
KriptoTurk_TR,Günaydınlar ☺️ 19 Mayıs Atatürkü Anma Gençlik ve Spor Bayramımız kutlu olsun ❤️,Thu May 19 08:28:52 +0000 2022
KriptoTurk_TR,@BedirhanYigit9 😊🙏🌹,Wed May 18 20:55:36 +0000 2022
KriptoTurk_TR,İyi Geceler 🙋‍♂️❤️,Wed May 18 20:53:47 +0000 2022
KriptoTurk_TR,"Size teknik analizini sevdiğim bir kaç kişi söyleyeyim bari onları takip edin:

@GokhanGark 
@ekonomikocu… https://t.co/gLbM2cxDa3",Wed May 18 20:48:14 +0000 2022
KriptoTurk_TR,Bu ne beeaaa vallahi artık kusucam saçma sapan grafik çizimlerini görünce.. her önüne gelen twitter açıp teknik ana… https://t.co/OLQLJ0TCfl,Wed May 18 20:38:00 +0000 2022
KriptoTurk_TR,@BedirhanYigit9 aç kalsamda yapmayacağım birşey,Wed May 18 20:10:24 +0000 2022
KriptoTurk_TR,@Duffytrader ne ayı ne boğa bu bildiğin öküz sezonu,Wed May 18 19:55:16 +0000 2022
KriptoTurk_TR,@TrkerErgin @Mkar34 grafiğe haftalık baktığımız için bu hafta kapanışına kadar yani pazar gününe kadar inşallah :),Wed May 18 19:48:09 +0000 2022
KriptoTurk_TR,@Mkar34 para kokusu,Wed May 18 19:30:09 +0000 2022
KriptoTurk_TR,#REEF $REEF https://t.co/680PMcwqLS https://t.co/pYApKoYSxZ,Wed May 18 19:22:41 +0000 2022
KriptoTurk_TR,#GALA $GALA https://t.co/680PMcwqLS https://t.co/QSfFexsbqw,Wed May 18 19:13:46 +0000 2022
Vforrkripto,"@FinitoCokare_ Herkese ben mi sattırıp aldırayım?
Ben imkanı sundum gerisi onlarda bence gereksiz  bir yorum hatta… https://t.co/poHFwHbL97",Mon May 23 09:17:50 +0000 2022
Vforrkripto,@FinitoCokare_ 0.07 $ dan aldım ama 0.014 gördü satmadıysan gelip ben mi satayım 2x gördük boş boş yorumlar.,Mon May 23 09:13:42 +0000 2022
Vforrkripto,@strawberrybby11 Kardeşim cansın seni beni yok ama proje çok her zaman ufak ufak al stres olma.,Mon May 23 07:25:28 +0000 2022
Vforrkripto,@strawberrybby11 %100 bilemem ama kimlikleri ortada sadece yüklü girmeyin hep diyorum dimi birde zaten max 2 bnb alınabilir sen ne yaptın:),Mon May 23 07:22:41 +0000 2022
Vforrkripto,@strawberrybby11 Dün bir bugün ikinci gün ne bilgisi vereyim kardeşime:),Mon May 23 06:55:55 +0000 2022
Vforrkripto,"#SLP 
-0.00575$ altına inerse %5 kaybı göze alacak  şekilde  görünümünden dolayı ekledim

-Ben Spotta %5 geriye düş… https://t.co/OQO5DkbQXS",Mon May 23 06:50:03 +0000 2022
Vforrkripto,@AhmetYi65334490 Günde 2-3 hesap açıyorlar artık herkes farkında!,Sun May 22 19:07:36 +0000 2022
Vforrkripto,"Finansal Özgürlük İçin Pes Etmeyen ,
Zekasını ve Mücadelesini Ortaya Koyan

Kaç Takipçimiz Burada  22:45'de  Bizimle ⚡️ #Bitcoin #Altcoin",Sun May 22 18:46:48 +0000 2022
Vforrkripto,@baha1982 😆,Sun May 22 12:07:52 +0000 2022
Vforrkripto,"İlk video telegram da paylaşıldı devamı muhtemelen Youtube.

Twitter da böyle bir eğitim için bir alt yapı yok.

Bi… https://t.co/VJFCKlSzWx",Sun May 22 12:01:36 +0000 2022
Vforrkripto,"-Spotta 50x Yaptığım Tekniği Bu Hafta Paylaşıyorum.

Telegram'da İlk video Heyecan Yarattı https://t.co/YL0GGGU6wx… https://t.co/yVOPxe5UUG",Sun May 22 12:01:36 +0000 2022
Vforrkripto,"-Bir Çok Kişi Sizi  Eleştirdi ve Kınadı Üstelik En Yakınlarınız

-Ama Siz Bir şeyleri Düzeltip Yeniden Başlayacaksı… https://t.co/aHIdelyVql",Sat May 21 19:44:20 +0000 2022
Vforrkripto,"-30 Mayısta Yeni  BSC tokeni çıkıyor 
-$1 Milyon altında piyasa değeri var  ivme yakalayabilir.

-Stake sistemiyle… https://t.co/8LJVjZswrE",Sat May 21 18:09:20 +0000 2022
Vforrkripto,@ProfessorTrk Hayırlı Olsun Gönlünce Olsun Dostum📈,Sat May 21 15:53:49 +0000 2022
Vforrkripto,@ZeynepBektas10 👏🌷,Sat May 21 10:23:08 +0000 2022
Vforrkripto,@CikanCoin Kardeşim 🙌,Sat May 21 09:49:48 +0000 2022
Vforrkripto,@kriptoBurju https://t.co/aBH7MV45Ny,Fri May 20 21:32:01 +0000 2022
Vforrkripto,@baltaligurkan 👏🌷,Fri May 20 21:24:19 +0000 2022
Vforrkripto,"@kriptoBurju İnanan ve samimi insanlar iyiki var👏
Aslında her şey niyetler üzerine kurulu.",Fri May 20 21:24:08 +0000 2022
Vforrkripto,"Uyguladığım Bir Teknik Var
Olası Bir Boğa'da  bununla #Bitcoin Milyoneri olacağız.

Sıfırdan Başladım ; Her Şeyimi… https://t.co/Npb7GpwGGJ",Fri May 20 21:18:26 +0000 2022
Bycoinhunter,"@Movez_app $0.001 USD almost free price...

new ATH record?",Mon May 23 13:26:34 +0000 2022
Bycoinhunter,@milyonerzihin @Movez_app @BlueZillaVc Bana hiç çıkmıyor bu sefer olsun,Sun May 22 21:01:11 +0000 2022
Bycoinhunter,RT @thearreatsummit: 1/25 Market döngüsü nedir? Daha önce yaşanan hareketler ile bugünkü düşüş arasında benzerlik kurulabilir mi? Fraktal i…,Sun May 22 20:37:10 +0000 2022
Bycoinhunter,"Bugün ECI ekibinden @vemutlu'nun doğum günü

İyi ki doğdun ekranların sempatik yüzü🥳",Sun May 22 19:24:46 +0000 2022
Bycoinhunter,@Movez_app no delay because hype is real,Sun May 22 17:02:55 +0000 2022
Bycoinhunter,"Piyasa düşüşünde espriler, şakalar, komik GIF'ler paylaşabilirdim ama bunun yerine

bol bol etkinlik ve çekilişlerl… https://t.co/CkY1AXpo9r",Sun May 22 13:54:14 +0000 2022
Bycoinhunter,"@buurak_buurcak Bunu yazan kişinin de az önce büyük ödülü kazananlardan biri olması da ayrı bir ironi

Benim yerimd… https://t.co/CKBMGMLTji",Sun May 22 13:49:37 +0000 2022
Bycoinhunter,"Büyük ödülü paylaşan 20 takipçim görseldedir.

Kazanan kişileri ben de merak edip, bir baktım.

Neredeyse tamamı il… https://t.co/S1SqKYkgJA",Sun May 22 12:22:36 +0000 2022
Bycoinhunter,"10 adet daha IDO bileti (1000'er adet $GZONE) kazanan takipçim görseldedir.

Çekiliş kontrol linki:… https://t.co/OdENl9Vo7P",Sun May 22 11:31:53 +0000 2022
Bycoinhunter,"@adux042 Sanırım 7 gün bekleme süresi var staking bozunca yine yetişmeyecektir.

Whitelist şuan kapalı ama açılır açılmasa da sıkıntı olmaz",Sat May 21 13:33:54 +0000 2022
Bycoinhunter,@mahmut2321 Aynı ip olunca engelleniyor diye biliyorum dostum. Buna dikkat,Sat May 21 12:45:25 +0000 2022
Bycoinhunter,"@adux042 Zor soru daha önce yaşamadım.

İlk 100de whitelist çıktığı için ""platin seviyesinde"" alım hakkın var. ama… https://t.co/ziDUOvNyQQ",Sat May 21 12:45:10 +0000 2022
Bycoinhunter,"@adux042 @vemutlu KYC adımını tamamlamalısın. 

https://t.co/sSoKvHYTxm cüzdanında 100 adet bscpad bulundurursan KY… https://t.co/EIfZjViSQG",Sat May 21 12:43:31 +0000 2022
Bycoinhunter,"@selman324324 @vemutlu KYC adımını tamamlamalısın. 

https://t.co/sSoKvHYTxm cüzdanında 100 adet bscpad bulundururs… https://t.co/0MJRoddgN9",Sat May 21 12:43:20 +0000 2022
Bycoinhunter,"@muhammedali_4 Biletle şansa dayalı alım için 1000 $GZONE 60$

Garanti alım için metavpad en alt tier 700$ civarı s… https://t.co/IpPSpIkcQ5",Fri May 20 21:00:16 +0000 2022
Bycoinhunter,@rain_turk 1000 adet ve üzeri $GZONE stake edenler. Şansa dayalı kuraya girip çıkarsa ön satışından movez alım hakk… https://t.co/8SDZ3Qfkl8,Fri May 20 20:51:26 +0000 2022
Bycoinhunter,"5-6 takipçim yazdı #Movez public whitelist kazanmışlar. 

Çoğu da öğrenci. Binlerce dolar edeceğini düşünüyorum. Ço… https://t.co/pnoDCocUdc",Fri May 20 20:49:24 +0000 2022
Bycoinhunter,@fkylmz35 Evet gerekiyor sakın atlama tg kanalından bilgi alıp süreci tamamla,Fri May 20 16:31:35 +0000 2022
Bycoinhunter,"@chntmr Token tutma zorunluğu olmayan liste kısıtlı fakat biletten kazanma şansı daha yüksek.

Önceki IDO'da 700 üz… https://t.co/bCqv205OZP",Fri May 20 15:45:13 +0000 2022
Bycoinhunter,"Public whitelist kazanan 100 kişi açıklandı.

Cüzdan adresinizi CTRL+F yaparak aratabilirsiniz.

Alım şansı henüz b… https://t.co/yX8K2bqlpT",Fri May 20 15:41:21 +0000 2022
Eralpbuyukaslan,@Jetwell 💯,Mon May 23 11:54:12 +0000 2022
Eralpbuyukaslan,BTC'DE 8. HAFTA DA KIRMIZI GEÇİLEREK BİR REKOR KIRILDI❗️👀 AMA BALİNALAR LONG'TA❓ https://t.co/Z5p9kbKkjg,Mon May 23 09:30:05 +0000 2022
Eralpbuyukaslan,"⏳5 DAKİKA SONRA CANLI YAYINDAYIZ🎙

⚠️ Bu yayını hem twitter profilimden hem de Youtube kanalımdan izlemek mümkündür… https://t.co/H6uxQSlaeR",Mon May 23 09:24:33 +0000 2022
Eralpbuyukaslan,@KriptoMevsimi Piyasa dipteyken kacarsiniz tabi🙈 iki yukselsin hemen baslarsiniz roket atmaya🤣,Mon May 23 07:39:17 +0000 2022
Eralpbuyukaslan,@erkanakturk2 Gecmis olsun abi🙏,Mon May 23 07:32:49 +0000 2022
Eralpbuyukaslan,Dostum @KriptoMevsimi 'nden bence herkesin okumasi gereken bir Flood👇 https://t.co/eyXKgCJrnl,Sun May 22 18:14:47 +0000 2022
Eralpbuyukaslan,@ankara_kusu Idi Amin'den feyz almak da ne biliim.. 😅,Sun May 22 16:29:02 +0000 2022
Eralpbuyukaslan,⏰13:00'de bekliyoruz dostlar👇 https://t.co/G1HvAvXajx,Sun May 22 09:19:19 +0000 2022
Eralpbuyukaslan,"Yine gurur duyduk 🎊🎉
Var ol #AnadoluEfes #F4GLORY https://t.co/YjC90A4VqJ",Sat May 21 19:03:38 +0000 2022
Eralpbuyukaslan,@UmutGENER8 Yok dostum Fethiye'de idim,Sat May 21 17:48:53 +0000 2022
Eralpbuyukaslan,@MarangozHalime 🙏,Sat May 21 14:00:30 +0000 2022
Eralpbuyukaslan,@Yilmazzglc 🙏,Sat May 21 13:42:37 +0000 2022
Eralpbuyukaslan,Sevgili dostlar kisa tatilim yarin sona eriyor. Pazartesi gunu dinlenmis bir zihin ile hazirlanmis detayli bir anal… https://t.co/hH0gV1e3pZ,Sat May 21 13:35:10 +0000 2022
Eralpbuyukaslan,"Trabzonsporlu kardeslerim 18:00'de 
#TrabzonsporNFT satisi basliyor. Kampanyasini da hatrlarsaniz sizlerle paylasmi… https://t.co/4eOn0ffyuO",Sat May 21 13:19:12 +0000 2022
Eralpbuyukaslan,@CryptooSun 😅👏,Sat May 21 10:36:51 +0000 2022
Eralpbuyukaslan,@muhendisyenn Allah belanizi versin.. Bu cocugun hakki iki cihanda da yakanizda.. Insaallah bu yuk ile olabildiginc… https://t.co/CtgIdiHH4a,Sat May 21 10:30:40 +0000 2022
Eralpbuyukaslan,"@omerdemircrypto Ah Omer kardesim ah.. kim ne yapar kendine yapar, yapacak bisey yok..",Sat May 21 07:53:45 +0000 2022
Eralpbuyukaslan,@busenazckroglu 👏👏👏,Sat May 21 07:50:31 +0000 2022
Eralpbuyukaslan,@davut1karabulut @blockCHaZin @easymoneysever @a_topdemir @osm4na @HalilSoyletmez @FTX_TR @izzetsalti @cryptoplayar… https://t.co/7psheI0peE,Fri May 20 19:10:33 +0000 2022
Eralpbuyukaslan,@burak_tamac abi hayırlı uğurlu olsun 👏 yakışır..,Fri May 20 19:02:49 +0000 2022
Cryptosocy,"RT @burak_tamac: 🗞️1dk'da haftanın en önemli haberinin #Bitcoin 'e etkisini öğrenin!

https://t.co/Rv65aKk8ZK

Beğeniyorsanız eğer paylaşır…",Sun May 22 16:38:35 +0000 2022
Cryptosocy,"⏰ On-Chain Sohbetleri programının 28. Bölümü bugün saat 13:00'te! 

📚 On-Chain ve vadeli piyasalarda durum değerlen… https://t.co/aSrng4bIDh",Sun May 22 08:56:18 +0000 2022
Cryptosocy,"⏰ Eralp Büyükaslan ile Altcoin Analizi programımız bugün saat 12:00'de! 

📈 Bu program Pro üyelerimize özel.

Katıl… https://t.co/lvgjD2LvIT",Fri May 20 07:00:00 +0000 2022
Cryptosocy,"RT @CryptoQuant_TR: #QUIZ

Borsaya giren ve çıkan koinler arasındaki farkı gösteren veri hangisi?

Detaylı bilgi için CryptoQuant Veri Rehb…",Thu May 19 18:31:09 +0000 2022
Cryptosocy,"RT @coinexactly: Beğenme rt hesap takip etme şartı şurtu yok .Hiç bir şey yapmanıza gerek yok😉
10 kişiye 1 aylık @Cryptosocy Üyeliği veriyo…",Thu May 19 12:40:55 +0000 2022
Cryptosocy,"RT @burak_tamac: Bitcoin maksimalistleri dediğiniz kişiler bas bas bağırıyordu burada ponzi var diye (örnek @LynAldenContact) 

Paranızı ko…",Wed May 18 12:55:28 +0000 2022
Cryptosocy,"⏰ Cryptosocy Global programının 31. Bölümü bugün saat 16:30'da! 

📚 Resesyon riskinin artması Fed ve Bitcoin'i nası… https://t.co/iEglORTGsT",Wed May 18 11:26:07 +0000 2022
Cryptosocy,"📌Cryptosocy ile Haftaya Bakış yayını bu akşam saat 20:30'da!

Katılmak için 👉🏻 https://t.co/wNuH6bTnhj

Yayında gör… https://t.co/nNA4EApZ2e",Tue May 17 17:08:30 +0000 2022
Cryptosocy,"🔔  Bugün 16:00'da Discord kanalımızda Soru Cevap etkinliğimize bekleriz!

Eğitmenimiz @eralpbuyukaslan sizlerden ge… https://t.co/Q8jb8oKXkr",Tue May 17 10:00:30 +0000 2022
Cryptosocy,"Günaydın. Gün böyle başladı 👀

#cryptosocy @coinexactly #Bitcoin #cryptocurrency https://t.co/fNRH6gNnpg",Mon May 16 06:16:39 +0000 2022
Cryptosocy,"RT @burak_tamac: 🗞️1dk'da haftanın en önemli haberinin #Bitcoin 'e etkisini öğrenin!

▶️""Bitcoin’in düşüşü hisse piyasalarındaki düşüşün şi…",Thu May 12 17:58:15 +0000 2022
Cryptosocy,"*Programımız saat 15:00'te! 

https://t.co/NE9dJNGcsF https://t.co/diaEZvnVTR",Thu May 12 11:01:20 +0000 2022
Cryptosocy,"⏰ Cryptosocy Global programının 30. Bölümü bugün saat 16:30'da! 

📚 ABD'de enflasyonun düşüş trendine girmesi ne if… https://t.co/eeef9EtHiD",Thu May 12 10:39:42 +0000 2022
Cryptosocy,"RT @CryptoQuant_TR: Tahmini Kaldıraç Oranı en yüksek bölgesine ulaştığında vadeli piyasada hangisi daha olası?

Canlı grafik 👉 https://t.co…",Wed May 11 18:31:22 +0000 2022
Cryptosocy,"Dünkü yayını kaçıranlar için 👇

https://t.co/1nTQclgRbg",Wed May 11 14:09:00 +0000 2022
Cryptosocy,"@vitorhugoo52 Size her şekilde faydalı olabiliyoruz, ne mutlu bize :)",Wed May 11 08:17:05 +0000 2022
Cryptosocy,"Bugünün rengi belli 👀

#cryptosocy #crypto #Bitcoin https://t.co/xHjHwtciba",Wed May 11 08:08:20 +0000 2022
Cryptosocy,"📌Cryptosocy ile Haftaya Bakış yayını bu akşam saat 21:00'de!

Katılmak için 👉🏻 https://t.co/6Qu6vwnEl4

Yayında gör… https://t.co/HLSWyMYIfh",Tue May 10 15:45:33 +0000 2022
Cryptosocy,"🔔  Bugün 16:00'da Discord kanalımızda Soru Cevap etkinliğimize bekleriz!

Eğitmenimiz @eralpbuyukaslan sizlerden ge… https://t.co/o4wZRkQTBH",Tue May 10 10:03:05 +0000 2022
Cryptosocy,"⏰ On-Chain Sohbetleri programının 27. Bölümü bugün saat 17:00'de!

📚 Kripto piyasası döngüleri özelinde piyasa değe… https://t.co/K6HoLk5NXu",Sat May 07 11:24:48 +0000 2022
Cryptokahin,Asıl önemli olan mum ise “Haftalık grafik mumlarında” Ayın 16 sında açılacak ve  23 ünde kapanacak olan mumdur.Her… https://t.co/sdyaxvayq4,Mon May 09 09:35:33 +0000 2022
Cryptokahin,"#BTC Merhaba değerli dostlarım.İkinci seçenek gerçekleşti.Bu durumda “günlük grafik mumlarında” bir sonraki kritik,… https://t.co/2oKDrnQDgh",Mon May 09 09:35:32 +0000 2022
Cryptokahin,"Ekibim ile 1 adet belirsiz mumun tetikleyeceği yönün, ilk ihtimal yani yukarı yönlü kur davranışı sergileyeceği bek… https://t.co/AOZu384jS7",Fri May 06 08:42:33 +0000 2022
Cryptokahin,Şayet aşağı yönlü değerlendirecek olur isek ayın 9 una kadar böyle bir kur davranışı hareketi potansiyeli ile karşı… https://t.co/jq0OdXw3DM,Fri May 06 08:42:33 +0000 2022
Cryptokahin,Günlük mumlarda ayın 9 una kadar yukarı yönlü Sarı çerçeve içerisine aldığım bölgede olduğu gibi bir kur davranışı… https://t.co/IhKRitNopr,Fri May 06 08:42:30 +0000 2022
Cryptokahin,"#BTC Merhaba değerli dostlarım “Günlük mum” grafiklerinde kritik,belirsiz,tetikleyici mumumuz dün ki mum idi.Bir so… https://t.co/zIUZDOOJbu",Fri May 06 08:42:29 +0000 2022
Cryptokahin,1 mumluk hata belirsizlik payı için hepsi birbirinden değerli 12 sevgili dostumuz ile bir grup kurduk ve çalışıyoru… https://t.co/hACvRyNNns,Mon May 02 12:28:57 +0000 2022
Cryptokahin,40.400 üzeri bir test yaşamaz isek Mayıs 5 e kadar sürecek aşağı yönlü bir dalga daha gerçekleşme potansiyeli olaca… https://t.co/1a298rbsvG,Mon May 02 12:28:57 +0000 2022
Cryptokahin,"#BTC Merhaba değerli dostlarım neşeli bayramlar💐
Btc için Mayıs 5 e kadar iki yönlü potansiyelleri paylaşacağım.Btc… https://t.co/kmTEwRjqjU",Mon May 02 12:28:57 +0000 2022
Cryptokahin,Şimdi bundan sonraki kritik ve bir kırılımı tetikleyecek mum gece 03:00 da açılacak olan 4 saatlik mumdur.Bu mum ya… https://t.co/DPj4OUDaHC,Fri Apr 29 20:14:39 +0000 2022
Cryptokahin,Sonuç olarak saat 11:00 da açılan mum ile az evvel kapanan 4 saatlik 19:00 mumu arasında toplamda 1450$ lık volatil… https://t.co/ok8fkjwZ1e,Fri Apr 29 20:14:38 +0000 2022
Cryptokahin,#BTC Bugün saat 11:00’da açılan 4 saatlik mumun kritik olacağını ve saat 19:00 da açılacak 4 saatlik muma kadar yap… https://t.co/duYDFgDDwu,Fri Apr 29 20:14:35 +0000 2022
Cryptokahin,Hep birlikte gözlemleyip hangisi olacağını göreceğiz.Sevgiler💐,Fri Apr 29 11:54:19 +0000 2022
Cryptokahin,Saat 19:00 da açılacak olan 4 saatlik mum  şuan ki seviyenin altında olur ise 11:00 de açılmış olan 4 saatlik mumun… https://t.co/JQb9G4LdNf,Fri Apr 29 11:54:18 +0000 2022
Cryptokahin,Bu mum bize 4 saatlik grafiklerde saat 19:00 a kadar olan yatırımlarımız için kritik olan mum ve kapatmasına yaklaş… https://t.co/RoCoEnQX5e,Fri Apr 29 11:54:18 +0000 2022
Cryptokahin,"#BTC Saat 11:00 de açılacak olan 4 saatlik grafik mumunun kritik ve belirsizliğinden bahsetmiştik,mum açıldığından… https://t.co/j0GAnBlhYu",Fri Apr 29 11:54:17 +0000 2022
Cryptokahin,@Berka54 Evet değerli dostum ayrı bir teori 1-5-9 bize ne yazık ki günü gününe kırılımı vermiyor.Lakin bu keşif biz… https://t.co/hHe31eMbez,Fri Apr 29 07:43:24 +0000 2022
Cryptokahin,Örneğin 4 saatliklerde kritik olan mum saat 11:00 da yanacak mum olacak.Burada amaç saat 11:00 için işaret ettiğim… https://t.co/6PsvG40NNG,Fri Apr 29 07:35:54 +0000 2022
Cryptokahin,Saatini paylaştığım mumlar henüz belirsizliğini çözemediğim mumlar olacak.Bu mumlar ya bir kırılımın tetikleyicisi… https://t.co/bwXTKCU8GC,Fri Apr 29 07:35:53 +0000 2022
Cryptokahin,#BTC Merhaba değerli dostlarım.Bildiğiniz üzere yeni bir keşif (trade yöntemi) üzerine çalışıyorum.Daha evvelde bel… https://t.co/6GgGZoIhpW,Fri Apr 29 07:35:53 +0000 2022
Rovercrc,💥JUST IN: PayPal looks to embrace all possible #crypto and blockchain services!,Mon May 23 13:03:00 +0000 2022
Rovercrc,"💥Christine Lagarde says #crypto is worth nothing!

“It is based on nothing. There is no underlying asset to act as… https://t.co/xvkz7BupN3",Mon May 23 12:28:00 +0000 2022
Rovercrc,"#BITCOIN IS ON THE EDGE OF AN EXPLOSION!!

THAT'S WHY I GO LIVE RIGHT NOW!
JOIN ME HERE: 👇
https://t.co/h3WndUJvsv",Mon May 23 12:17:48 +0000 2022
Rovercrc,"In hindsight, it will all seem to be so obvious...

#Bitcoin $BTC https://t.co/DY2hvLRLXK",Mon May 23 11:51:00 +0000 2022
Rovercrc,@Jamyies YES! https://t.co/EbiznGbUwj,Mon May 23 11:37:05 +0000 2022
Rovercrc,"If you sell your #Bitcoin now, you are selling to whales.",Mon May 23 11:28:07 +0000 2022
Rovercrc,@TheCryptoBubble 😎😎😎,Mon May 23 10:48:28 +0000 2022
Rovercrc,@TheCryptoBubble We need a new song bubble,Mon May 23 10:45:40 +0000 2022
Rovercrc,"I've never seen a 'bear market' where people still withdraw their #Bitcoin from exchanges...

Maybe it is different… https://t.co/yfO7KiE0kn",Mon May 23 10:42:00 +0000 2022
Rovercrc,"I JUST SHARED ONE CRAZY TRADING SETUP IN MY SIGNAL GROUP! 🔥

JOIN MY GROUP NOW!! 👇
https://t.co/4JiC1vk6TI",Mon May 23 10:22:48 +0000 2022
Rovercrc,"PROOF: IF YOU SELL #BITCOIN NOW, YOU ARE SELLING TO WHALES! 🐳👇 https://t.co/C3alfs3cQq",Mon May 23 10:08:00 +0000 2022
Rovercrc,THIS WEEK WILL BE BULLISH FOR #BITCOIN! 🚀⚡️,Mon May 23 09:31:00 +0000 2022
Rovercrc,"#Bitcoin has closed 8 weekly candles in red, so I will do my $500 giveaway like promised!

How to join:
- Like &amp; RT… https://t.co/U5VxkXquYO",Mon May 23 09:03:00 +0000 2022
Rovercrc,#BITCOIN W REVERSAL PATTERN!!! 🔥👇 https://t.co/T2RpT9DX8t,Mon May 23 08:32:00 +0000 2022
Rovercrc,#BITCOIN BULLISH BREAKOUT!!! 🔥👇 https://t.co/8RR1rUMQYl,Mon May 23 07:59:00 +0000 2022
Rovercrc,₿UY THE FEAR! https://t.co/ybuUtusqny,Mon May 23 07:28:00 +0000 2022
Rovercrc,"I AM LIVE RIGHT NOW DISCUSSING THIS #BITCOIN BREAKOUT!!

https://t.co/MYFsKbl5EN https://t.co/lhD2a78VLa",Mon May 23 06:59:00 +0000 2022
Rovercrc,@AmanUllahChau Yes It's coming my man!,Mon May 23 06:49:57 +0000 2022
Rovercrc,💥#BITCOIN CLOSED A RECORD BREAKING 8 RED WEEKLY CANDLES IN A ROW! 😱,Mon May 23 06:45:50 +0000 2022
Rovercrc,GOOD MORNING #CRYPTO! ☕️,Mon May 23 06:25:57 +0000 2022
Duffytrader,Şimdi değilse Ne zaman  ? #Bitcoin,Mon May 23 13:44:11 +0000 2022
Duffytrader,"Winners 🏆  Tebrikler trx trc20 adreslerini bekliyorum en geç akşama kadar göndereceğim dostlar 
• @MercanDeniz35
•… https://t.co/EBseyQfcbP",Mon May 23 12:47:36 +0000 2022
Duffytrader,"RT @Duffytrader: 4 kişiye toplam 400 #Trx 

💖RT LKE

 Takip 
@eypakky 
@westkripto 
@Duffytrader 
@Scalperr07 

Süremiz 48H Bol şans 🤞 #Bit…",Mon May 23 12:38:45 +0000 2022
Duffytrader,Önceki günlerde bahsettiğim @Goosfinance Ön satışı başlıyor dostlar bir miktar değerlendireceğim bilginiz olsun gel… https://t.co/WsFtRqOxqL,Mon May 23 12:34:56 +0000 2022
Duffytrader,"#1INCH Görünüm pek tatmin etmese de bu şekil takip ediyorum, 1.15$ üzeri yükselişi doğrulayabiliriz. https://t.co/ttcmfxRpLl",Mon May 23 12:31:55 +0000 2022
Duffytrader,#Ada 0.55 üzeri kapanışlar 0.59 habercisi olabilir. https://t.co/HFbHspVfCi,Mon May 23 11:45:06 +0000 2022
Duffytrader,"RT @traderOzanARMAN: Mutlu sabahlar için buradayız.

Alındı, Kazanç ile ayrılındı.

357 $ / 5.694 ₺

Kendine yaslanan dik yürür.

#Forex #B…",Mon May 23 10:07:27 +0000 2022
Duffytrader,#Bitcoin yavaştan başlıyor sanki . https://t.co/mEYwAt1BaM,Mon May 23 09:28:48 +0000 2022
Duffytrader,@atombuloglu @ElectraProtocol sağol abi,Mon May 23 07:40:36 +0000 2022
Duffytrader,@NFTMercegim sağol merceğim,Mon May 23 07:40:29 +0000 2022
Duffytrader,Dostlar Günaydın Geçmiş olsun dilekleriniz için teşekkürler bi tık daha iyiym kaldığımız yerden devam ediyoruz dünk… https://t.co/0oElftRDws,Mon May 23 07:36:46 +0000 2022
Duffytrader,@Baykus2022 teşekkürler hocam,Mon May 23 07:35:38 +0000 2022
Duffytrader,@Kripto_Aykut 🙏,Sun May 22 18:56:19 +0000 2022
Duffytrader,@FiboCryptoBorsa Zehirlenme sanırım,Sun May 22 14:08:02 +0000 2022
Duffytrader,Dostlar bugün aktif olamıcam hastalık sebebi ile bilginiz olsun . #btc,Sun May 22 13:37:19 +0000 2022
Duffytrader,#ZEN 16$ Desteği kırılması durumun da düşüş derinleşir . https://t.co/PzRBzTIVWh,Sat May 21 20:52:34 +0000 2022
Duffytrader,@eness_turann Yaz boğası kombini . 😁,Sat May 21 20:36:24 +0000 2022
Duffytrader,Cümleten iyi akşamlar dostlar keyifler nasıl ? #Btc,Sat May 21 20:01:05 +0000 2022
Duffytrader,"RT @pera_sma: Son düzlükteyiz, adım adım finale gidiyoruz.
Pera'nın tedavisine kavuşması için gereken tutarın %92'sini topladık.
Artık son…",Sat May 21 18:36:25 +0000 2022
Duffytrader,@atombuloglu @FiyatHedef @Baykus2022 @eypakky @coinimanalizde 😍,Sat May 21 17:26:16 +0000 2022
Jesscoin,"@KriptoFati Kaşınıyor, Buna mavi tık verenin ….",Mon May 23 07:26:49 +0000 2022
Jesscoin,@OzFatih5 Luna nın battığı bir piyasada coinlerin güvenirliğini bence sorgulama can. Ama iyi proje,Mon May 23 07:20:13 +0000 2022
Jesscoin,"Bitcoin tarihinde ilk kez 8 hafta üst üste piyasayı düşüş ile kapattı.

Dün kriptocular için dünya pizza günüydü be… https://t.co/TQbht6uMw8",Mon May 23 07:03:45 +0000 2022
Jesscoin,"Günaydınlar 🍃
Bereketli ve mutlu haftalar 💵",Mon May 23 06:48:54 +0000 2022
Jesscoin,@haskologlu Yerinde tespit. 👍,Sun May 22 15:24:46 +0000 2022
Jesscoin,@the_marmara @Vostok1Crypto Ben mecburi hold ediyorum onları. Bu kadar zararda. Sonra satmam. RUNE kar satışı yapmı… https://t.co/u8jLEvktiu,Sat May 21 11:56:30 +0000 2022
Jesscoin,@FreudCrypto @Vostok1Crypto Rose Coin de potansiyelli bir coindir.,Sat May 21 11:55:24 +0000 2022
Jesscoin,@CneytYA15194234 @Vostok1Crypto Bunlar cz nin coinleri. Başkada vardı onlar yükseldi. 😉 onay aldık.,Sat May 21 11:49:39 +0000 2022
Jesscoin,@Mertutman2 @Vostok1Crypto Cz kendi coinlerini yükseltecek.,Sat May 21 10:59:01 +0000 2022
Jesscoin,@Tayfun0021 @Vostok1Crypto Cz nin coinleri bunlar,Sat May 21 10:45:16 +0000 2022
Jesscoin,@SedbarTi @Vostok1Crypto Radara girmedi.,Sat May 21 10:44:31 +0000 2022
Jesscoin,@ibrahim28607852 @Vostok1Crypto Evet,Sat May 21 10:44:03 +0000 2022
Jesscoin,@YilmazGulseren @Vostok1Crypto Aldığımız zarar yazıyor. Hayırla inşallah. Benimde canım sıkılmaya başladı bu durumdan dolayı.,Sat May 21 10:32:21 +0000 2022
Jesscoin,"#Binance Borsasındaki bu kripto paraları takip listenize alabilirsiniz.
Kısa zamanda hepsinden %100’lük hareket bek… https://t.co/UaSFFwQWP8",Sat May 21 10:28:22 +0000 2022
Jesscoin,@dexxtrol Herkes Ferman ediyor,Sat May 21 10:07:20 +0000 2022
Jesscoin,@pusholder Allah razı olsun 😑,Sat May 21 07:37:26 +0000 2022
Jesscoin,"Günaydınlar🍃
Mutlu ve bereketli hafta sonu geçirmenizi dilerim, işiniz gücünüz rast gelsin.🌾",Sat May 21 07:11:30 +0000 2022
Jesscoin,@MuratMmturk @elonmusk 😅 #paramızıverlan,Fri May 20 20:29:40 +0000 2022
Jesscoin,@veysiekin2 Web3 ve Binance destekli altcoinler. Bir liste paylaşacağım yarın sizler ile.,Fri May 20 20:28:58 +0000 2022
Jesscoin,@nando_deco 3 sene sürdü ama çok defa 10-13K seviyelerine geldi. O süreçte te altcoinler defalarca 2x ten fazla kazandırıp düştü.,Fri May 20 20:26:57 +0000 2022
Milyonerzihin,"RT @Movez_app: 🏄‍♂️#MoveZ IDO Is Coming!

⛹️‍♂️ $MoveZ is the true definition of #MoveToEarn. No matter if you walk, run, swim, hike, surf,…",Mon May 23 13:31:58 +0000 2022
Milyonerzihin,@Movez_app 1000x coming🏃🏃🏃🔥,Mon May 23 13:27:30 +0000 2022
Milyonerzihin,"RT @vemutlu: Yarın @Movez_app için IDO günü. Listelemesi ise 27 Mayıs Tier 1 bir borsada gerçekleşecek. 

Çok iyi haberlerin ve listeleme p…",Mon May 23 11:15:40 +0000 2022
Milyonerzihin,"Stake'ler tamamlansın @Movez_app çok sağlam geliyor🔥

@BlueZillaVc desteğiyle çok büyük bir hype yaşanacak. Marketi… https://t.co/h7HDxBB8Tq",Sun May 22 20:59:56 +0000 2022
Milyonerzihin,RT @EtUfuk: Arkadaşlar bugün gireceğimiz fariylaunch kendi trust wallet gibi applerini oluşturup bu wallet aynı zamanda bir kredi kartına b…,Sun May 22 19:30:25 +0000 2022
Milyonerzihin,"RT @EtUfuk: $STEPGO 

Proje kayıtlarımıza başarılı olarak yazılmıştır.Paylaştıgımız yerden %900 https://t.co/S7qWu5gAXAç gorenler 5x yaptı.…",Thu May 19 06:20:04 +0000 2022
Milyonerzihin,An itibariyle yatırdığım 350$ şuan 1400$ olmuş durumda. Ana parayı bozdum ve kalan bakiyeyle devam. Teşekkürler… https://t.co/HZyey0C4SR,Wed May 18 23:18:47 +0000 2022
Milyonerzihin,@driver2601 @EtUfuk İşte akıllı trader farkı 🤟😏,Wed May 18 20:35:33 +0000 2022
Milyonerzihin,@abdkeremx @EtUfuk @StepGOapp Bu tarz gem projelerde kazançta yüksek riskte yüksektir. Hesap sorarım falan muhtemel… https://t.co/23skIBiOlo,Wed May 18 17:53:18 +0000 2022
Milyonerzihin,@EtUfuk 25x yapmadan satmam 😅,Wed May 18 17:46:39 +0000 2022
Milyonerzihin,@Sheyho21 @EtUfuk https://t.co/PWKoFbaA8G,Wed May 18 17:15:50 +0000 2022
Milyonerzihin,Arkadaşlar @EtUfuk gem projeler konusunda çok başarılıdır. Paylaştığı proje yepyeni bir #MoveToEarn ve güzel duruyo… https://t.co/FNEGtgdAc9,Wed May 18 17:11:31 +0000 2022
Milyonerzihin,@EtUfuk @StepGOapp #MoveToEarn hmm alırım bi dal deneyelim bakalım reis sağol 😃🤟,Wed May 18 17:05:00 +0000 2022
Milyonerzihin,"Takip ettiğiniz yeni #altcoin gem projeleri yazın bakalım dostlar. 
Tüm yorumları tek tek okuyup projeleri mutlaka… https://t.co/j6oFENM3mU",Tue May 17 15:06:52 +0000 2022
Milyonerzihin,"RT @bycoinhunter: ⚡️@SeedifyFund yeni listeleme haberi geldi.

En son Bybit'te listelenen $SFUND ekibi sıkı çalışmaya devam ediyor. 

Liste…",Tue May 17 15:03:19 +0000 2022
Milyonerzihin,@BenTodar @MoonNation0 🤟⚡,Mon May 16 21:09:09 +0000 2022
Milyonerzihin,@kursat52x Oda listemde paylaşmadım ama ;),Mon May 16 20:06:31 +0000 2022
Milyonerzihin,"Boğayı bekle Benjamin, sabredin dostlarım zamanı geldiğinde sesimiz daha gür çıkacak🤟
Sigara, alkol içmek yerine… https://t.co/FGMqPH5yAQ",Mon May 16 20:04:40 +0000 2022
Milyonerzihin,"RT @vemutlu: Ayıdayız ya ne yapsak yaranamıyoruz. Zira piyasa kötü ve insanlar (hatta fenomenlerin bir kısmı) saldıracak yer arıyor. 

Önem…",Mon May 16 17:37:03 +0000 2022
Milyonerzihin,@Kanaliz1 Tebrikler hocam saygı duyulacak iş 🙏,Mon May 16 11:59:24 +0000 2022
MoneyKripto,"🔥 Yeni #Primelist geldi 🔥

@KONNECT_KCT ön satışına Huobi üzerinden katılabilirsiniz.

%10 indirimli Kayıt Linki;… https://t.co/JtQKYhdRlQ",Mon May 23 10:40:47 +0000 2022
MoneyKripto,@TradeWars_10 @btc_magazin 🔥🔥,Fri May 20 17:06:16 +0000 2022
MoneyKripto,@TradeWars_10 @ErolEgemen645 @TheDaoMaker Tahmin etmiştim 😢,Thu May 19 22:29:31 +0000 2022
MoneyKripto,@TradeWars_10 @ErolEgemen645 @TheDaoMaker Kimmiş o yalancı :),Thu May 19 22:25:53 +0000 2022
MoneyKripto,@TradeWars_10 @TheDaoMaker 🔥🔥,Thu May 19 16:26:59 +0000 2022
MoneyKripto,@srkninci Sanmam böyle bir şey olacağını.,Thu May 19 02:45:19 +0000 2022
MoneyKripto,Yeter artık. 🤔 https://t.co/bqsWs8hCYa,Wed May 18 23:55:46 +0000 2022
MoneyKripto,"@CMYLMZ Küfür çok fazla be abi. Daha az olabilirdi.

Genel olarak diziyi beğendim. Oyuncuların performansı iyiydi.… https://t.co/UsSEkaTBmB",Wed May 18 00:36:18 +0000 2022
MoneyKripto,@TradeWars_10 Babacan da bizi görecek mi😅,Tue May 17 15:46:37 +0000 2022
MoneyKripto,@TradeWars_10 Yapıyorsun bu işi 👏,Tue May 17 15:45:49 +0000 2022
MoneyKripto,#Luna faciasından sonra kripto market sizce yakın zamanda toparlar mı?,Mon May 16 22:44:03 +0000 2022
MoneyKripto,@TradeWars_10 Bombayı bırakıp gidiyorsun 😂,Mon May 16 20:06:04 +0000 2022
MoneyKripto,@TradeWars_10 Bendim o. Niye ifşa ediyorsun kanka 😅,Mon May 16 19:56:53 +0000 2022
MoneyKripto,@TradeWars_10 Kim acaba 🤔,Mon May 16 19:53:26 +0000 2022
MoneyKripto,@TradeWars_10 🔥🔥,Mon May 16 19:18:41 +0000 2022
MoneyKripto,@TradeWars_10 @TheDaoMaker N’oluyo noluyo 😂,Mon May 16 17:29:12 +0000 2022
MoneyKripto,@TradeWars_10 Eline sağlık 👏,Mon May 16 16:44:35 +0000 2022
MoneyKripto,#Luna skandal üstüne skandal açıklamalar yapıyor 🤦🏻‍♂️ https://t.co/R7oNkpEe7v,Mon May 16 11:13:05 +0000 2022
MoneyKripto,@TradeWars_10 @NEARProtocol Eline sağlık kanka 🤌🏻,Sun May 15 18:34:22 +0000 2022
MoneyKripto,@saylor Sen aldıkça düşüyor. Lolipop,Sat May 14 22:30:51 +0000 2022
Mgokhanduman,@denroyceR Bekleniyosun:),Sun May 22 23:00:43 +0000 2022
Mgokhanduman,Twitteri biraz boşladığımın farkındayım. 2 gündür RSI twiti atıcam dedim bi türlü hazırlayamadım. Yarından itibaren… https://t.co/9qybM8CHRB,Sun May 22 22:27:23 +0000 2022
Mgokhanduman,@raymali63343250 YouTube üzerinden bunların videolarını izleyebilirsiniz 👍🏻,Fri May 20 06:34:41 +0000 2022
Mgokhanduman,@KafaKlipto Piyasa şuan iyi mi?:),Fri May 20 06:33:59 +0000 2022
Mgokhanduman,@raymali63343250 Tek başına kullanılması doğru olmaz. 3-4 indikatörle beraber doğru sonuç verme olasılığı yüksektir.,Fri May 20 06:33:31 +0000 2022
Mgokhanduman,"@1903gurcan Ahaha çayımızı içmeye gel , çalışmayı boşver :)",Fri May 20 06:32:43 +0000 2022
Mgokhanduman,"Günaydın arkadaşlar, bugün biraz RSI ve grafik değerlendirmesi yapalım diyorum, ne dersiniz :)",Fri May 20 06:28:34 +0000 2022
Mgokhanduman,"@kriptozeryan Temennimiz yeşil bölgeye test sonrasında düzeltme yapması, umarım bu yönde olur :)",Tue May 17 07:50:49 +0000 2022
Mgokhanduman,"Günaydın dostlar 

#Bitcoin Yükselen kanalı aşağı yönlü kırmıştı fakat mum kapanışını kanal içerisinde yaptı. Bu se… https://t.co/Wy7BZwdpT8",Tue May 17 07:30:54 +0000 2022
Mgokhanduman,"@CryptoErge Hayırlı olsun, başarılarının devamını dilerim",Mon May 16 19:30:35 +0000 2022
Mgokhanduman,@Redkit_Trader Eyvallah kardeşim her zaman beklerim 🙏🏻,Mon May 16 15:05:22 +0000 2022
Mgokhanduman,@godofgem Hakan kardeşim sağ olsun yalnız bırakmadı:),Sat May 14 19:06:15 +0000 2022
Mgokhanduman,@KiterosWh Konu tartışmak değil. Bu twitler yüzünden 1$’dan 2$’dan luna aldılar. Şimdide herkes dipten almış onun paylaşımını yapıyor.,Sat May 14 11:55:09 +0000 2022
Mgokhanduman,$LUNA kelimesini sessize alıyorum. Atılan her 10 twitten 11’i Luna.,Sat May 14 11:35:24 +0000 2022
Mgokhanduman,"Varsa bir hayırlı olsununuz alırım 😎

Allah utandırmaz inş. https://t.co/6DnRATADwd",Fri May 13 14:48:40 +0000 2022
Mgokhanduman,"Şu $Luna ‘yı gördükçe elim ayağım titriyor. Elinde olanlara empati kuruyorum, çıldırmamak elde değil. 

120$’dan anlık 0.0036$",Thu May 12 14:54:58 +0000 2022
Mgokhanduman,@SerefliArma1907 @kerimcalender 🙏🏻,Thu May 12 08:53:36 +0000 2022
Mgokhanduman,Piyasaya 38.000$ seviyelerinde kademeli alımlarla başlamama rağmen büyük zararım var. Tepeden alım yapanları düşüne… https://t.co/Cf22RoVEam,Thu May 12 07:50:44 +0000 2022
Mgokhanduman,"$Luna delist edilse bu kadar düşmezdi. 
3-4 hafta önce 120$
Sabah 9$ 
anlık 1.75$",Wed May 11 11:59:03 +0000 2022
Mgokhanduman,3. Gün içerisinde bilgileri göndermeniz gerekmektedir. Ona göre ekine vereceğim. Aksi takdirde hakkınız yanar.,Wed May 11 08:30:20 +0000 2022
CoinnCorner,İyi haftalar dostlar. Kısa bir tatilden sonra kaldığımız yerden devam ediyoruz. Akşam sizin için bir sürprizim var… https://t.co/5faszm0l8U,Mon May 23 12:20:42 +0000 2022
CoinnCorner,"RT @lotascapital: 👨‍💼Uzmanlar Uyarıyor: ""BEKLEYİN!""

🔎Altın yükselişi neden risk altında?

📣Hangi açıklamalar altın için kritik olacak?

🔓A…",Mon May 23 10:57:09 +0000 2022
CoinnCorner,"Günaydın dostlar, iyi pazarlar. Bugün biraz kendinize vakit ayırınız🙋🏻‍♂️",Sun May 22 08:18:53 +0000 2022
CoinnCorner,Yeni Kırmızı Zarf🧧 etkinliği geliyor. 10 kişiye toplam 100$ hediye edeceğim. Bildirimler açık kalsın🔔,Sat May 21 17:09:20 +0000 2022
CoinnCorner,"$GMT ve $Fitfi de 100x kaçırdınız mı?
Şimdi yeni fırsat @healthnofficial'ı kaçırmayın

🔜 Yeni bir moda #Move2Earn!… https://t.co/GRIwPU43sK",Sat May 21 16:04:08 +0000 2022
CoinnCorner,"2 Kişiye 1000₺ Hediye Ediyorum 🎉

👉 Fav, Rt
👉 Takip et @Kripto_Crab (Yosemite)

24H ⏳

Herkese bol şans☘️

#BTC … https://t.co/b6wx7QCFvc",Sat May 21 13:25:24 +0000 2022
CoinnCorner,İyi haftasonları dostlar. Keyifler nasıl ?,Sat May 21 11:57:07 +0000 2022
CoinnCorner,"Beğeni ve Rt’lerden rasgele IBAN veya Trc20 adresi isteyeceğim 🖤

Takip etmeyeli unutmayalım🍬",Fri May 20 19:17:23 +0000 2022
CoinnCorner,Tüm ödüller alınmış kazananları tebrik ederim.,Fri May 20 18:42:09 +0000 2022
CoinnCorner,"Kırmızı Zarf 🧧

https://t.co/DH1C45C8ux

Hızlı olan kazanır bol şans, kazananlar yoruma ss bıraksın🎉",Fri May 20 18:17:19 +0000 2022
CoinnCorner,Kırmızı Zarf geliyor. Burada olanlar bi RT atsın görelim🧧,Fri May 20 17:58:20 +0000 2022
CoinnCorner,RT @cryptowolve_s: #BTC sihirli OTE... https://t.co/FyyU4A0ngm,Fri May 20 15:13:29 +0000 2022
CoinnCorner,#Huobi Borsası çok özel bir Huobi #NFT rozeti hediye ediyor. Alıntılanan tweetde ki şartları yerine getirmeniz yete… https://t.co/p88reSSGWB,Fri May 20 13:31:35 +0000 2022
CoinnCorner,Akşam yeni kırmızı zarf etkinliği geliyor. 4 Kişiye #USDT verelim. Öncesinde #BKEX Borsasına kaydolmayı unutmayınız… https://t.co/qgrzdRjReg,Fri May 20 13:10:25 +0000 2022
CoinnCorner,"Pandemi tamamlandı. Sırada dünya çapında kıtlık var. 

The Economist:

""Ukrayna ve Rusya, dünya çapında buğdayın %2… https://t.co/LQkmSAH7Xg",Fri May 20 12:42:22 +0000 2022
CoinnCorner,"#Huobi  Global, 23 Mayıs’ta #PlayDapp $PLA listeleyeceğini duyurdu.

Anlık Fiyat: $0.5538
Listeli Borsalar:… https://t.co/pI2npQnz27",Fri May 20 12:25:36 +0000 2022
CoinnCorner,Şuan full nakitte olsanız marketten hangi coini alırdınız? ⤵️,Thu May 19 17:59:18 +0000 2022
CoinnCorner,"@kripto_takipp tebrikler 🎉

Yeni etkinlik yolda⏳",Thu May 19 16:18:24 +0000 2022
CoinnCorner,@cryptowolve_s Helal hoca,Thu May 19 15:58:18 +0000 2022
CoinnCorner,"Beğeni ve Rt’lerden rasgele IBAN veya Trc20 adresi isteyeceğim 🖤

Takip etmeyeli unutmayalım🍬",Wed May 18 19:51:03 +0000 2022
Borsaressami,"#Bitcoin 30.7 direncini kırarsa yükselişini devam ettirip ilk etapta 31.4 ve 32k seviyelerini test edecektir.

Bu s… https://t.co/FdVhpU8N3Z",Mon May 23 09:01:16 +0000 2022
Borsaressami,"RT @borsaressami: Bir haftasonu çekilişi yapalım ufaktan.

2 arkadaşa 500 #trx toplam 1000 #trx 🎁 

Şartlar:

- Beni takip et
- Rt + Like…",Sun May 22 23:21:40 +0000 2022
Borsaressami,@MadenciF @FiboCryptoBorsa ☺️☺️,Sun May 22 18:51:02 +0000 2022
Borsaressami,@FiboCryptoBorsa Ya bu ara baya yardımcım olmuş farkında değilim ☺️,Sun May 22 16:41:07 +0000 2022
Borsaressami,Arkadaslar son zamanlarda bu sekil size mesaj atan 7 babanın 1 çocuğu şerefsizlere inanmayın kanmayın banada sormay… https://t.co/ZMhg6r6lsp,Sun May 22 16:18:56 +0000 2022
Borsaressami,@sinyalcicoin İyiymiş ☺️,Sun May 22 15:26:13 +0000 2022
Borsaressami,Biraz piyasadan ve ekrandan uzak bir gece geçirdik  ama değdi 😘 https://t.co/3Ttd14bfbd,Sun May 22 15:06:51 +0000 2022
Borsaressami,"Hayırlı Pazarlar, Bol Kazançlar 🌹",Sun May 22 08:35:09 +0000 2022
Borsaressami,Abi bu ne yaptı böyle ya 🙈🔥 #btc https://t.co/bckwqCE1KZ https://t.co/9mDw6lTYJf,Sat May 21 17:27:23 +0000 2022
Borsaressami,Bizim ülkede maalesef öyle. https://t.co/SapgDVAgjd,Sat May 21 15:44:58 +0000 2022
Borsaressami,"Abi nasıl bir ülkede yaşıyoruz yolda kalana yardım edilir gelen çekici 500 se 1500 çekiyor, @RentGoTurkiye  araç gö… https://t.co/C6nFLy0ZCN",Sat May 21 15:41:47 +0000 2022
Borsaressami,@Twinsbabasi2504 Ya kusura bakmayın ama kısa zamanlı geldim 🙏,Sat May 21 13:07:37 +0000 2022
Borsaressami,@renhock06 Aklımdasın tamam kızma☺️,Sat May 21 13:07:05 +0000 2022
Borsaressami,"Bir haftasonu çekilişi yapalım ufaktan.

2 arkadaşa 500 #trx toplam 1000 #trx 🎁 

Şartlar:

- Beni takip et
- Rt +… https://t.co/RJSVKJQAcS",Sat May 21 11:08:51 +0000 2022
Borsaressami,Herkese sevdikleri ile mutlu haftasonları #Bitcoin emekçileri 🌹,Sat May 21 09:36:02 +0000 2022
Borsaressami,300 ayakkabı olacakmış ☺️,Sat May 21 09:34:49 +0000 2022
Borsaressami,"#MoveToEarn projeleri arasında  
kripto sektörü dışında uygulanan marketing çalışmalarında başarılı olanlar var

Fo… https://t.co/tGMmzejraw",Sat May 21 09:08:25 +0000 2022
Borsaressami,RT @borsaressami: Bana müsade arkadaslar piyasa sizlere emanet 😉,Fri May 20 23:58:21 +0000 2022
Borsaressami,😎😎 https://t.co/Q7y30tVrvq,Fri May 20 23:08:19 +0000 2022
Borsaressami,@Twinsbabasi2504 Nerde ☺️,Fri May 20 23:05:14 +0000 2022
HASOsyalmedya,"RT @fxbulten: ONS ALTIN, Bollinger bandı orta noktası 1834 seviyesi üzerinde kısa vadeli POZİTİF beklenti ön plandadır. Bu sebeple de düşüş…",Mon May 23 11:52:17 +0000 2022
HASOsyalmedya,Bir yandan #Bitcoin Pizza gününe dair bilgilerin anlatıldığı öbür yandan da Bitcoin severlerin bir araya geldigi bu… https://t.co/e6yVXEpiU5,Mon May 23 09:38:16 +0000 2022
HASOsyalmedya,@xtrendci olay git gide falcılığa doğru yol almaya başladı. 3 vakte kadar...,Sun May 22 19:19:31 +0000 2022
HASOsyalmedya,@mec_hu 🤗🤗,Sun May 22 19:01:29 +0000 2022
HASOsyalmedya,@batkali2 bende 70 bin kadar luna var. lazım olursa yaz.,Sun May 22 18:53:54 +0000 2022
HASOsyalmedya,@Aslan03675007 Konuya vakıf değilim. detay öğrenirsem değerlendirme yaparız.,Sun May 22 18:48:24 +0000 2022
HASOsyalmedya,@nahre2390 Millet IBAN'dan sonrasını okumuyor. hayırsever bir miletiz.,Sun May 22 18:40:18 +0000 2022
HASOsyalmedya,@AvcCrypto abi bir kere daha oku.,Sun May 22 18:38:37 +0000 2022
HASOsyalmedya,Evet arkadaşlar piyasa kötü bu twiti beğenen rastgele birine IBAN göndereceğim.,Sun May 22 18:34:47 +0000 2022
HASOsyalmedya,@caacaa00 hiç sevmiyorum. ons bağlı kısada tepki yükselişi yukarı ama 2 ay kadar yatay seyir beklentim var.,Sun May 22 18:29:48 +0000 2022
HASOsyalmedya,@xtrendci evet bağcılarda bir kankası var ondan duyum alınmış.,Sun May 22 18:28:32 +0000 2022
HASOsyalmedya,@idealistkripto cz bitirmek için o borsa benim bu hamlemi bekliyordu ve cz bitti.,Sun May 22 18:24:17 +0000 2022
HASOsyalmedya,@MevltArd4 euro an döviz kurları arasında en ucuz olanı. dolardan geçişte düşünülebilir. gramdan da,Sun May 22 18:21:58 +0000 2022
HASOsyalmedya,@erhunlc tamam sen de haklısın.,Sun May 22 18:20:24 +0000 2022
HASOsyalmedya,Açık net yazıyorum. Gayrimenkul fiyatına göre endexlediğimiz zaman Ya araç alırdım ya da Euro. ikisi de aynı oranda… https://t.co/R801BmDhDJ,Sun May 22 18:18:11 +0000 2022
HASOsyalmedya,@GokhanGark gülme aynı borsayla çalışıyoruz. ifşa olduk an itibariyle bir de @btc_magazin var. haberi biz yaptırdık.🤭🤭,Sun May 22 18:16:11 +0000 2022
HASOsyalmedya,@xtrendci batmış belgesi var.,Sun May 22 18:12:41 +0000 2022
HASOsyalmedya,@MehmetNehir2018 koca bir tımarhaneye döndü ülke,Sun May 22 18:09:12 +0000 2022
HASOsyalmedya,Evet CZ bitirmek için kanal 7 haber yapması talimatını da ben verdim. https://t.co/PRiD4ncZl4,Sun May 22 18:06:30 +0000 2022
HASOsyalmedya,"@Meliades2 Düştü 

Luna /TL 

İnanmıyorsan gir bak",Sun May 22 17:13:01 +0000 2022
JrKripto,"Yeni Hafta başladı öncelikle, hayırlı ve bol kazançlı bir hafta geçirmenizi dilerim🍀

Bitcoin 30.500$ seviyesinde 1… https://t.co/k996QxorY4",Mon May 23 10:46:06 +0000 2022
JrKripto,"FED 2022 yılı Toplantı Tarihleri,

-Haziran 14-15 (50 Bps)
-Temmuz 26-27 (25 Bps/Pas)
-Eylül 20-21
-Kasım 1-2  
-Ar… https://t.co/dqjK6sD1oR",Sun May 22 20:28:05 +0000 2022
JrKripto,"Finansal piyasalar için en önemli hafta başlıyor!

Bitcoin’de bugün haftalık kapanış gerçekleşecek, Bu gece itibari… https://t.co/qC8x0MoBMM",Sun May 22 18:53:21 +0000 2022
JrKripto,"Bitcoin tekrar 30.000$ seviyesinin üzerine ulaştı!

31.340$ sonrasında hareket hızlanacaktır!

DEVAM!",Sun May 22 10:28:05 +0000 2022
JrKripto,"Herkese mutlu pazarlar🍀

Tavsiyem bugün aileniz ve sevdiklerinizle beraber piyasalardan uzak bir gün geçirin!

Çünk… https://t.co/7VZuigFiP1",Sun May 22 08:21:07 +0000 2022
JrKripto,Finansal Piyasalarda şu an yaşadığımız dönemler de gelebilecek en küçük olumlu haber akışı fiyata etkisi çok büyük… https://t.co/Gc0GDCsJGE,Sat May 21 19:48:25 +0000 2022
JrKripto,"Üst üste 2. kez Euroleague Şampiyonu
ANADOLU EFES!🔵⚪️

Tebrikler Anadolu Efes!

Tebrikler Ergin Ataman!",Sat May 21 19:03:34 +0000 2022
JrKripto,Finansal özgürlüğünüze ulaştıracağını düşündüğünüz kripto paranın adını yorumlara yazınız!,Sat May 21 18:22:27 +0000 2022
JrKripto,"Bitcoin’nin doğası gereği, yavaş yavaş yükselmez, SERT ve HIZLI yükselir!

Mal aldırmaz, arkasından baktırmak ister… https://t.co/vh4wcIjuaD",Sat May 21 17:47:33 +0000 2022
JrKripto,"Global piyasalar ve Bitcoin’de geri dönüş hareketleri gelecekse bu hafta gelecektir! (Görüşüm sabittir, ralli bekle… https://t.co/UXFXvZUQ7a",Sat May 21 15:19:59 +0000 2022
JrKripto,"@ProfessorTrk Hayırlısı olsun, başarılar dilerim.",Sat May 21 15:11:19 +0000 2022
JrKripto,"Herkese mutlu haftasonları🍀

Güzel günler göreceğiz, güneşli günler!",Sat May 21 07:46:34 +0000 2022
JrKripto,"ABD Borsaları Haftalık Kapanışları;

$DOW 31261.9 +0.03%
$SPX 3901.36 +0.01%
$NDX 11835.6 -0.34%
$VIX 29.84 +0.49… https://t.co/HQxns1Xh2q",Fri May 20 21:20:19 +0000 2022
JrKripto,"@burak_tamac Hayırlısı olsun, başarılarınızın devamını dilerim. Keyifle takip ediyorum 👏",Fri May 20 20:12:43 +0000 2022
JrKripto,"S&amp;P500 anlık 3.901 puan seviyesine ulaştı!

Canlı Yayın esnasında 3.810 puan seviyesine kadar gerilemişti! 

Canlı… https://t.co/HWGGLjCIyD",Fri May 20 20:11:24 +0000 2022
JrKripto,"Bitcoin ve Altcoin yatırımcısı için, önümüzde Haziran-Temmuz-Ağustos-Eylül ayını size betimlemek isterim!

Her gün… https://t.co/CYLpvplr0C",Fri May 20 19:08:02 +0000 2022
JrKripto,"S&amp;P500 hakkında global medya organlarında“S&amp;P500 Ayı piyasasına girdi”haberleri servis edilir, yatırımcıyı haftalık… https://t.co/4hCrWG24Qj",Fri May 20 18:54:55 +0000 2022
JrKripto,@eness_turann NFT yapılır!,Fri May 20 18:51:08 +0000 2022
JrKripto,"Mal toplama döneminde dezenformasyon medya organlarının her bir çeşidinden piyasaya pompalanır!

$LUNA krizinden, m… https://t.co/YaU0GQyvFK",Fri May 20 18:45:43 +0000 2022
JrKripto,"Bitcoin Ne olacak!

S&amp;P500 ayı Piyasasına mı giriyor!

Kritik canlı yayın!

https://t.co/ORnsPBkwMO",Fri May 20 17:00:46 +0000 2022
