BTC_Archive,@Crypto_Ayda https://t.co/tu5UHT6bgu,Fri Apr 08 22:56:09 +0000 2022
BTC_Archive,@sweetsinner3 😋 yes pls :),Fri Apr 08 22:54:54 +0000 2022
BTC_Archive,@crypopoly 🍻,Fri Apr 08 19:08:44 +0000 2022
BTC_Archive,"@Crypto_Ayda Is this the before or after pic? 
😂 😂😂",Fri Apr 08 19:07:56 +0000 2022
BTC_Archive,RT @BTC_Archive: 💥BREAKING: Tesla Block and Blockstream team up to mine #Bitcoin with solar power in Texas.,Fri Apr 08 18:46:57 +0000 2022
BTC_Archive,The #Bitcoin purists may be correct - Dr Jordan Peterson,Fri Apr 08 18:27:04 +0000 2022
BTC_Archive,@LittleBrightBo1 Sorry for promoting MY YouTube channel on MY twitter. 😂 🤦🏻‍♂️,Fri Apr 08 18:15:01 +0000 2022
BTC_Archive,"RT @BTC_Archive: #Bitcoin increased tourism by 30% in El Salvador.
- Tourism Minister",Fri Apr 08 17:40:48 +0000 2022
BTC_Archive,"RT @BTC_Archive: #Bitcoin could exceed $1 million by 2030.
- Cathie Wood",Fri Apr 08 17:24:30 +0000 2022
BTC_Archive,"RT @BTC_Archive: #Bitcoin is not just about Number Go Up.
Bitcoin is also about Freedom Go Up.
- Alex @Gladstein",Fri Apr 08 17:24:26 +0000 2022
BTC_Archive,"RT @BTC_Archive: #Bitcoin became a medium of exchange across the USA yesterday.

#Bitcoin 🤝 Strike 🤝 Lightning

In hundreds of major retail…",Fri Apr 08 16:46:52 +0000 2022
BTC_Archive,"RT @BTC_Archive: #Bitcoin will never be controlled by government.
- Peter Thiel",Fri Apr 08 16:46:43 +0000 2022
BTC_Archive,@natbrunell they’re gonna have remake this one… 😂 https://t.co/kfDgQqT6Ou,Fri Apr 08 16:12:50 +0000 2022
BTC_Archive,"💥Follow me on YouTube👇
https://t.co/tP9brDEZDY",Fri Apr 08 15:50:02 +0000 2022
BTC_Archive,@100trillionUSD 👌,Fri Apr 08 15:40:28 +0000 2022
BTC_Archive,💥BREAKING: Tesla Block and Blockstream team up to mine #Bitcoin with solar power in Texas.,Fri Apr 08 15:33:36 +0000 2022
BTC_Archive,"RT @BTC_Archive: 💥BREAKING:  Strike has partnered with NCR - one of the world’s biggest payment processors and ATM operators. 

#Bitcoin Li…",Fri Apr 08 10:59:59 +0000 2022
BTC_Archive,"RT @BTC_Archive: “YoU cAnT bUy AnYThiNg w BiToIn!”

Jack Mallers: hold my 🍺 😎",Fri Apr 08 10:59:52 +0000 2022
BTC_Archive,💥Major US retailers now accepting #Bitcoin 🙌 https://t.co/y2vJtgtCFE,Fri Apr 08 10:14:31 +0000 2022
BTC_Archive,"#Bitcoin increased tourism by 30% in El Salvador.
- Tourism Minister",Fri Apr 08 10:12:01 +0000 2022
Kriptoemre,@AtakanSevgi_ @KerITheLiberal Y****k gibi yasiyoruz demeyelim dee doner yiyelim.,Fri Apr 08 18:17:42 +0000 2022
Kriptoemre,@tayfun42790477 Simdi al,Fri Apr 08 18:13:57 +0000 2022
Kriptoemre,"#Bitcoin in $43,500 lerden yönünü yukarı çevirmesini bekliyorum bugün.

İki haftadır konuştuğumuz yukarı yönlü tren… https://t.co/gRBjVYknCs",Fri Apr 08 11:02:59 +0000 2022
Kriptoemre,@muratuy69001656 Vadene bagli. Biraz geri cekilince gir.,Fri Apr 08 06:38:52 +0000 2022
Kriptoemre,"Şu durgun sularda bile yine gidip sizin için en büyük balığı yakaladım 🐠

Bunların devamını isteyenler beğensin yor… https://t.co/iJNCHMo8bA",Fri Apr 08 06:25:23 +0000 2022
Kriptoemre,"BlockWallet'ın BNB BEP-20 ağı için gizlilik özellikleri yayına girdi. 

Siz hala BlockWallet'ı denemediniz mi? Ücre… https://t.co/W8lXLuncyK",Thu Apr 07 14:35:43 +0000 2022
Kriptoemre,"@KriptoFati İnsanlar yatırım yapmıyor ki. Takım tutar gibi coin tutuyorlar. 

Yatırımıyla aşk yaşayan adama mantık işlemez ki...",Thu Apr 07 09:46:25 +0000 2022
Kriptoemre,@esradogrull Ya bi git Esra ya =),Wed Apr 06 20:54:11 +0000 2022
Kriptoemre,"@Mesutturan26 Avax yalancıların çıkardığı bir shitcoin, düşüncelerimde zerre değişiklik yok.",Wed Apr 06 19:47:46 +0000 2022
Kriptoemre,"Maradona koleksiyonu için ailesi ile anlaşılmış, merhumun bir iş ilişkisi yok düzeltmeye çalışanların dikkatine",Wed Apr 06 19:42:00 +0000 2022
Kriptoemre,"Bugün videoda bahsettiğimiz DAO Maker ilk NFT koleksiyonu için Maradona ile anlaşmış =) 

Detaylar ve minting sürec… https://t.co/vwPxott4Nf",Wed Apr 06 19:39:14 +0000 2022
Kriptoemre,@Birinin2 niye hala takip edion o zaman zibidi,Wed Apr 06 19:15:28 +0000 2022
Kriptoemre,Her şey serbest düşüş halindeyken bizim coin kapı gibi duruyor maşallah =) https://t.co/glPQj3S1Wl,Wed Apr 06 19:03:00 +0000 2022
Kriptoemre,"2 haftadır yapamadığımız Haftalık Piyasa Değerlendirme Videomuzun yenisi bugün telafi için yayında 😊

#Bitcoin ve A… https://t.co/wHNmUINOLI",Wed Apr 06 15:47:38 +0000 2022
Kriptoemre,"@lordsinov Ankara’da calisildigini gorsem bi de inanicam. 

Benim semti bok goturuyor.",Wed Apr 06 09:06:22 +0000 2022
Kriptoemre,Yurt disindan dondugum piyasalardan belli oluyor aynen 😂 https://t.co/6W2YKprKEj,Wed Apr 06 08:56:09 +0000 2022
Kriptoemre,FED’in hızlı faiz arttırımına gidecek olması kısa vadeli tahvilleri düşürürken 30 yıllık tahvilleri değerlendiriyor… https://t.co/Sjn5Bm9nSL,Wed Apr 06 08:25:30 +0000 2022
Kriptoemre,"Dostlarım @oytun86 ve @altugisler 'e yeni projelerinde başarılar dilerim. Yolunuz açık olsun 😊

Uygulamayı merakla… https://t.co/PTVGNzP3ik",Tue Apr 05 16:15:03 +0000 2022
Kriptoemre,Münihte mekanın birinde bir Almanla muhabbet ettik. Türk Lirası çok değer kaybetti ama bu normal değil bence dedi.… https://t.co/VGojUycflK,Tue Apr 05 10:14:58 +0000 2022
Kriptoemre,@mustafaunal3423 Ben olacağını düşünüyorum,Tue Apr 05 07:43:41 +0000 2022
KriptoData,"FIFA, 2022 Dünya Kupası maskotu La'eeb için #NFT ve #metaverse  içerikli 2 ticari marka başvurusunda bulundu. https://t.co/jhsbmieCHl",Fri Apr 08 23:00:51 +0000 2022
KriptoData,"“#Bitcoin madenciliği dünyayı kurtaracak.”

— Kevin O’Leary | Ünlü Kanadalı Girişimci https://t.co/f9UHkMQjG1",Fri Apr 08 21:53:58 +0000 2022
KriptoData,"“ #Bitcoin, fiat para biriminden daha ucuz ve daha hızlıdır.”

— Cynthia Lummis | ABD’li Senatör",Fri Apr 08 20:01:09 +0000 2022
KriptoData,"“ Yeni #Bitcoin yasa tasarımız, inovasyonun gerçekleşmesi için bir sanal alan sağlamayı amaçlıyor.”

— Cynthia Lummis | ABD’li Senatör",Fri Apr 08 19:37:42 +0000 2022
KriptoData,"“İyi insanlar #bitcoin ‘in özgürlük için ne kadar önemli olduklarını gösteriyorlar.”

— Cynthia Lummis | ABD’li Sen… https://t.co/kdqJ8xXSX8",Fri Apr 08 19:35:39 +0000 2022
KriptoData,"Tesla, Block ve Blockstream, Teksas'ta güneş enerjisi kullanarak #Bitcoin  madenciliği yapmak için ortaklık kurdu. https://t.co/aUhQnVQBQf",Fri Apr 08 19:20:37 +0000 2022
KriptoData,‘’Ülke ve #Bitcoin Şehri için dijital altyapı birlikte oluşturacağımızı söyleyen genel bir mutabakat anlaşmasını im… https://t.co/PeP9wnulYf,Fri Apr 08 13:58:42 +0000 2022
KriptoData,"Blockstream eski CEO’su Samson Mow, El Salvador'da dijital altyapı geliştirmek için bir mutabakat anlaşması imzalad… https://t.co/sJUuaCSR4y",Fri Apr 08 13:58:41 +0000 2022
KriptoData,"Vodafone, Decentraland üzerinde bir #Metaverse mağazası açacağını açıkladı. https://t.co/5r7qodwb6P",Fri Apr 08 13:42:32 +0000 2022
KriptoData,"MasterCard, #NFT ve #Metaverse içerikli ticari marka başvurusunda bulundu. https://t.co/SKTfJ7fmWv",Fri Apr 08 13:28:24 +0000 2022
KriptoData,"Oyuncak şirketi Lego ve oyun şirketi Epic Games, çocuklar ve aileler için yapılmış bir #Metaverse alanı oluşturmak… https://t.co/FEN1NNCm9O",Fri Apr 08 13:06:41 +0000 2022
KriptoData,"Yerel basında yer alan habere göre; Güney Kore Ulusal İstihbarat Servisi (NIS), Güney Koreli #kriptopara borsaların… https://t.co/cTiTJUXMwi",Fri Apr 08 12:54:02 +0000 2022
KriptoData,"Kriptopara borç verme ve alma platformu Celsius Network, 150.000’den fazla #Bitcoin’e sahip olduğunu açıkladı.

Cel… https://t.co/25yL0CC2CM",Fri Apr 08 12:10:38 +0000 2022
KriptoData,"ABD Federal Mevduat Sigorta Kurumu (FDIC), denetimi altında bulunan kurumların #kripto varlıklarla işlem yapması ve… https://t.co/sCxyxaHIRf",Fri Apr 08 11:44:36 +0000 2022
KriptoData,"Avustralya’nın önde gelen #kriptopara borsası CoinSpot, otomobil satıcısı Dutton Garage ile ortaklık kurduğunu açık… https://t.co/hNAmjahIc0",Fri Apr 08 11:28:24 +0000 2022
KriptoData,“Şu ana kadar 10 trilyon rubleyi (130 milyar dolar) aşan önemli miktarda para transferi yapıldığını ve #kriptopara… https://t.co/pqtJLEXMvF,Fri Apr 08 10:46:28 +0000 2022
KriptoData,"Avrupa birliği, Rusya’ya karşı beşinci yaptırım paketini onayladı.

Yaptırım paketi içerisinde, kurum veya kuruluşa… https://t.co/RM4bQ4g8uI",Fri Apr 08 10:25:16 +0000 2022
KriptoData,"Strike, e-ticaret şirketi Shopify ile ortaklık kurduğunu açıkladı.

Kurulan ortaklık ile Shopify satıcıları… https://t.co/do0fC17iYC",Fri Apr 08 10:01:54 +0000 2022
KriptoData,""" #Bitcoin dünyanın en dürüst ve en verimli piyasasıdır."" 

— Peter Thiel | PayPal'ın kurucu ortağı https://t.co/W8Qw1HXgwW",Thu Apr 07 17:57:31 +0000 2022
KriptoData,"Dubai merkezli bir kafe olan Bake N More, ödeme yöntemleri olarak artık #Bitcoin, #Ethereum kabul edeceğini duyurdu. https://t.co/9a2fJo73YK",Thu Apr 07 15:30:15 +0000 2022
kriptoreal1,"Facebook, Microsoft, Apple, Disney, Hulu ve Bank of America şu anda #kripto işleri için işçi işe alıyor.

#bitcoin… https://t.co/F9lEVYf0Mh",Sat Apr 09 00:25:18 +0000 2022
kriptoreal1,#HamsterCoin şu an şov yapıyor. Projeye güvenimiz tamdı ama bu kadar güzel bir artış herkesi mutlu etti. Umarım çok… https://t.co/eOKybXAxJt,Fri Apr 08 20:55:41 +0000 2022
kriptoreal1,"#Tesla, #Teksas’daki güneş enerjisi santralinden #Bitcoin çıkarmak için #Block ve #Blockstream ile ortaklık kuruyor… https://t.co/8XedKBYg3a",Fri Apr 08 20:54:29 +0000 2022
kriptoreal1,"#Vodafone, #Metaverse’de mağaza açacağını açıkladı

GSM şirketleri büyük lokmayı kapma peşinde. 🥳🥳

#Bitcoin #ETH #NFT #NFTs #Web3",Fri Apr 08 15:18:06 +0000 2022
kriptoreal1,Piyasada hareketlilik başladı. Umarım kalıcı olur. Hadi aslanım göster kendini! #Bitcoin 💥💥 https://t.co/Ebejb1VSRx,Fri Apr 08 15:03:48 +0000 2022
kriptoreal1,"#Terra (#LUNA), 200 milyon #Dolar’lık #AVAX  alımı gerçekleştirdi. 💥💥

#Bitcoin #btc #ETH #Metaverse #NFT #NFTs",Fri Apr 08 14:30:18 +0000 2022
kriptoreal1,"Geleneksel Sahur Ödülü

Bu gönderiyi beğenip 2 arkadaşını etiketleyen 2 kişiye 150 dolar değerinde #Ceek gönderiyor… https://t.co/QmGMjLrMab",Fri Apr 08 14:23:08 +0000 2022
kriptoreal1,"Çin TV ağı Shandong Television, bir #NFT pazaryeri başlatma planlarını duyurdu.

İnanın #bitcoin ve #NFTs projeleri… https://t.co/hJkyIDZ0JW",Fri Apr 08 12:47:05 +0000 2022
kriptoreal1,"🇷🇺 Rusya Başbakanı, Rus vatandaşlarının toplu olarak 130 milyar ABD Doları değerinde #kriptopara’sı olduğunu belirt… https://t.co/cngAU5Ua8D",Fri Apr 08 11:01:58 +0000 2022
kriptoreal1,Hayırlı cumalar güzel dostlarım🌺❤️,Fri Apr 08 10:18:54 +0000 2022
kriptoreal1,"RT @kriptoreal1: Geleneksel Sahur Ödülü

Bu gönderiyi beğenip 2 arkadaşını etiketleyen 2 kişiye 100 dolar değerinde #Ceek gönderiyorum 💥

S…",Thu Apr 07 20:52:21 +0000 2022
kriptoreal1,"🇳🇱 Hollanda Finansal Piyasalar Kurumu, öğrencileri #kriptoparalar'a yatırım yapma konusunda eğiteceklerini duyurdu.… https://t.co/uWS7jFbb40",Thu Apr 07 19:57:31 +0000 2022
kriptoreal1,"ÇOK GÜZEL HABER

Robinhood, #Bitcoin Lighting Network'ü #kripto cüzdanlarıyla entegre edecek şekilde ayarlandı.

Ge… https://t.co/b3AU8vM8sI",Thu Apr 07 17:35:45 +0000 2022
kriptoreal1,"#SonDakika 

Pensilvanya Bank, 2022'de $BTC Alım Satımı Sunacak. #Bitcoin",Thu Apr 07 15:50:18 +0000 2022
kriptoreal1,"RT @Promoterhelinss: 🥳  HIZLI ÇEKİLİŞ 🚨
1 Kişiye 1.000.000 #shiba hediye 🎁
Bu twite RT, FAV at. 🥳

2 arkadaşını etiketle 🎗

@Promoterhelins…",Thu Apr 07 15:10:50 +0000 2022
kriptoreal1,"#SONDAKİKA

#Bitcoin ve kripto, geleneksel finansal sistemle aynı kurallara sahip olmalıdır
 - ABD Hazine Bakanı Ja… https://t.co/uyR1gtixh2",Thu Apr 07 12:10:30 +0000 2022
kriptoreal1,"Hayat kısa #RACA uçuyor! 🚀🚀🚀

#bitcoin #Metaverse #CeekVR #CEEK $RACA #ETH #NFT #NFTs $CEEK https://t.co/lAneM1PXoV",Thu Apr 07 11:31:56 +0000 2022
kriptoreal1,"Geleneksel Sahur Ödülü

Bu gönderiyi beğenip 2 arkadaşını etiketleyen 2 kişiye 100 dolar değerinde #Ceek gönderiyor… https://t.co/fwOzjJapg1",Thu Apr 07 10:50:05 +0000 2022
kriptoreal1,"#SONDAKİKA

#Ceek 08.04.2022 saat 12.00’da #KuCoin borsasında listelenecek.

#Bitcoin2022 #Bitcoin #ceek #Binance… https://t.co/heEK3kML59",Thu Apr 07 09:49:18 +0000 2022
kriptoreal1,"Günaydın Dostlarım. Günümüz boş yeşilli geçsin de artık artık biraz yüzümüz gülsün. Ben inanıyorum, çok güzel yükselişlerimiz olacak! ☀️🌺",Thu Apr 07 07:44:54 +0000 2022
coinmuhendisim,"RT @MMDaoVenture: 🪧 We are proudly presenting you with our partners
@MIXMARVELGAME
@rangersprotocol
@HashGlobal
@HashKey_Capital
@FinTech I…",Sat Apr 09 06:17:50 +0000 2022
coinmuhendisim,"RT @paramuhendisim: ☕️Çaylar kahveler hazırlansın yayın başladı
🔥Piyasa hakkında sohbet ediyoruz

Hep beraber sohbet ediyoruz Twitch canlı…",Fri Apr 08 19:11:30 +0000 2022
coinmuhendisim,"Takibimizdeki #NFT #PlayToEarn projesi @MetarunGame artık herkesin kullanımına açık, biz de inceliyoruz🥳

Oyunu tes… https://t.co/Bv4i9F2lui",Fri Apr 08 13:57:35 +0000 2022
coinmuhendisim,🚀 @MIXMARVELGAME projesinin bir #Web3 yatırım kuruluşu olan MixMarvel #DAO Ventures son 3 ay içerisinde yaklaşık 50… https://t.co/CERq5EC36o,Fri Apr 08 07:49:05 +0000 2022
coinmuhendisim,"Günaydın🇹🇷

✅Ekosistemi olan çalışkan projelere yatırım yapmaktan korkmuyorum piyasa kötü olsa da hak ettikleri yer… https://t.co/tvE7BsAX14",Fri Apr 08 05:44:43 +0000 2022
coinmuhendisim,Gece gece uyku tutmadı #MoveToEarn #stepn https://t.co/5HUm1U6Obt,Thu Apr 07 22:01:36 +0000 2022
coinmuhendisim,"RT @paramuhendisim: ☕️Çaylar kahveler hazırlansın yayın başladı
🔥Piyasa hakkında sohbet ediyoruz

Hep beraber sohbet ediyoruz Twitch canlı…",Thu Apr 07 19:25:44 +0000 2022
coinmuhendisim,"🚀BitKeep Proje İnceleme 🔍
🔥 #Wallet &amp; #Dapp &amp; #NFT Marketplace⚡

🚀 #BitKeep videomuz YouTube kanalımızda yayında aş… https://t.co/xrD8SXvJH3",Thu Apr 07 18:22:56 +0000 2022
coinmuhendisim,@umutbayram1903 Sizin için tamamen ücretsiz olarak hazırladığımız eğitim setimize bu linkten ulaşabilirsin; https://t.co/dRMXj5RRYe,Thu Apr 07 15:07:29 +0000 2022
coinmuhendisim,"🐞 Floodumuz burada son buluyor 

Düşüncelerinizi ve incelememizi istediğimiz farklı kavramları yorumlar kısmından y… https://t.co/9t612cMrLs",Thu Apr 07 14:22:59 +0000 2022
coinmuhendisim,"FOMOYLA NASIL BAŞA ÇIKARIZ ?

Acele ile karar almaktan kaçının, sizi fomoya sürükleyen insanlardan uzak durun ve ke… https://t.co/EbkiuCVJy4",Thu Apr 07 14:22:58 +0000 2022
coinmuhendisim,"Fomo'nun Etkileri;

1️⃣ En büyük etkisi kişinin gelişmeleri veya fırsatları kaçıracağı duygusudur. 
2️⃣ Her zaman b… https://t.co/4bEVLHmfHi",Thu Apr 07 14:22:57 +0000 2022
coinmuhendisim,"FOMO (Fear of Missing Out) 

Yani Yeniliği, fırsatı veya imkanları kaçırma korkusu olarak nitelendirilir. Borsada v… https://t.co/wxofmJkACc",Thu Apr 07 14:22:55 +0000 2022
coinmuhendisim,Kripto piyasasına yeni giren arkadaşlarımız bazı kavramlardan uzak olabiliyor onlar için bazı kavramları daha detay… https://t.co/1fQQ1WGOrp,Thu Apr 07 14:22:54 +0000 2022
coinmuhendisim,"Sizlerle ön satışına katıldığımız @ProjectDegis , #token ekonomisini ve platform özelliklerini tanıttığı bir makale… https://t.co/5yeK8X9Tex",Thu Apr 07 11:36:46 +0000 2022
coinmuhendisim,Bizden öğrenip bizden daha çok kazanmışsın :)) https://t.co/AlXW9O085r,Thu Apr 07 07:29:27 +0000 2022
coinmuhendisim,"Günaydın Arkadaşlar 🌤

Daha önce NFT satışına katıldığımız @KingdomXGame tarafından düzenlenen #MysteryBox ön satış… https://t.co/I6WPbxABQJ",Thu Apr 07 06:42:00 +0000 2022
coinmuhendisim,"KROPTODO KOLOY PORO KOZONOYOSUNUZ.
Diyenler gelsin yaşasın bunları her gün, görelim. Psikolog girmiş batmış, benden… https://t.co/b9VcOpaqnu",Thu Apr 07 00:02:20 +0000 2022
coinmuhendisim,"Yükselirken de uyuyamıyorum heyecandan, düşerken de uyuyamıyorum sonumuzu düşünmekten… #bitcoin",Wed Apr 06 23:46:41 +0000 2022
coinmuhendisim,"Gece gündüz #kriptopara dünyasında çalışıp eğlenmeyi unutabiliyoruz 🧑‍💻

@TheDaoMaker bu konuda imdadımıza yetişti,… https://t.co/Jo0wuWUcZn",Wed Apr 06 19:20:56 +0000 2022
btc_magazin,Süper liq,Fri Apr 08 20:21:52 +0000 2022
btc_magazin,@jesscoin Abi az önce bir şey yapmadığımız için küfür yedik yeni liq olmuş erkek her şeyi yapabilir 😂,Fri Apr 08 20:20:45 +0000 2022
btc_magazin,@Hasan77249822 Abi alım yaptık gibi bir yazımız olduğunu sanmıyorum sadece haberlerini paylaştık,Fri Apr 08 20:18:49 +0000 2022
btc_magazin,Yeni liq olmuş bir erkekle konuşmak https://t.co/98yxJan5fJ,Fri Apr 08 20:18:04 +0000 2022
btc_magazin,Bir de burdan bakın :) tepeden alan birinin yerinde olmak istemezsiniz  #Hamster https://t.co/RJsXEivBvI,Fri Apr 08 20:16:48 +0000 2022
btc_magazin,@nhtctnk Günde %2 yapsak yılda iyi para 😂,Fri Apr 08 20:11:28 +0000 2022
btc_magazin,%90 yapmış tek mumda elinde Tutana afiyet olsun valla,Fri Apr 08 20:08:41 +0000 2022
btc_magazin,Doge yetmedi sırada #hamster var ondan sonra bir #floki patlatır kedi köpek fare ne varsa yürür,Fri Apr 08 20:07:47 +0000 2022
btc_magazin,@jesscoin Minnoş fenomen 😂,Fri Apr 08 20:07:00 +0000 2022
btc_magazin,@jesscoin Fenomen olmak 😅,Fri Apr 08 20:05:15 +0000 2022
btc_magazin,@jesscoin Benim suçum ne peki,Fri Apr 08 20:03:58 +0000 2022
btc_magazin,@TakipRotas Allah kurtarsın kardsm,Fri Apr 08 19:44:51 +0000 2022
btc_magazin,"Vadeli işlemlerde değilseniz piyasa kötüyken bakmanız bir şey değiştirmeyecektir, en fazla zararı panik halindeyken… https://t.co/nTRRCN4zGp",Fri Apr 08 19:43:32 +0000 2022
btc_magazin,@MetaworId Türkcell napıyor acaba,Fri Apr 08 19:05:29 +0000 2022
btc_magazin,Alıcıların zayıf düşmesi halinde diye ekliyim 🤝,Fri Apr 08 18:48:02 +0000 2022
btc_magazin,"Bitcoin 200 günlük üstel ortalamadan red yemesinden bu yana yukarı yönlü bir beklentiden söz etmedim.

44-45k bölge… https://t.co/XcISZQlciB",Fri Apr 08 18:45:46 +0000 2022
btc_magazin,@gmgiray @HASOsyalmedya Aha mag 😂,Fri Apr 08 18:41:38 +0000 2022
btc_magazin,"RT @Poyraz_Crypto: #Ceek Telegram Gruplarına Tt Çalışması İçin Destek. 

#Çekiliş #giveaway
Ödül 🏆 
5 Kişiye Toplam 200$

🎯 yoruma #ceek ya…",Fri Apr 08 17:02:06 +0000 2022
btc_magazin,@HASOsyalmedya abı düşer ya da çıkar dedim diye mi kızdın :DDDD,Fri Apr 08 16:14:08 +0000 2022
btc_magazin,@fatihcrypto1 ne zaman düzelicez be abi,Fri Apr 08 16:07:28 +0000 2022
CryptoTroia ,@kriptoculucifer Aslan doktorum,Fri Apr 08 19:36:57 +0000 2022
CryptoTroia ,"Türkiye'nin en büyük balinalarından biri Telegram'da kanal açtı.

(işbirliği)

Bu sefer kaçıramazsın, bir an önce o… https://t.co/ZedDrKeNK0",Fri Apr 08 17:31:11 +0000 2022
CryptoTroia ,@CagatayKurt61 @burakimoooo @Baykus2022 @GokhanGark @BullsCoin @mgokhanduman @Cryptotalees @btc_magazin Adammm,Fri Apr 08 17:28:39 +0000 2022
CryptoTroia ,RT @YusifFB: @CryptoTroia Hocam sizden yine ve yeniden inanılmaz derecede ses getireceğinden emin olarak😎yeni koinler bekliyorum.Kısa süred…,Fri Apr 08 15:07:25 +0000 2022
CryptoTroia ,#Bitcoin' deki bu ufak yükseliş dönemini altcoinlerde kendi adıma en doğru altcoinleri seçerek verimli geçirdiğimi… https://t.co/GxX3FEHAtV,Fri Apr 08 14:57:27 +0000 2022
CryptoTroia ,"Stabil, hareketsiz bir Cuma gününden herkese selam olsun. Öğleden sonra piyasa analizi yapıp değerlendireceğiz.
Var… https://t.co/XRxQFcaENr",Fri Apr 08 09:32:27 +0000 2022
CryptoTroia ,BAL SXP ve KAVA’daki hareketlerden ötürü portföyü bir nebze rahatlattığım için bu düşüşleri yeni portföy ürünleri t… https://t.co/9adlLjgbEz,Thu Apr 07 19:36:35 +0000 2022
CryptoTroia ,"CEEK VR ($CEEK) KuCoin’de listeleniyor! 

https://t.co/qSST9JlSmI

Ömür boyu komisyon indirimli kayıt linkini aşağı… https://t.co/CeCB6vEQd6",Thu Apr 07 10:30:44 +0000 2022
CryptoTroia ,"Düşüş trendlerinde kademeli toplanan mal, yükseliş trendlerinde de stoplu takip edilen mal üzmez.

Günaydın dünya g… https://t.co/lM1hSRhgMo",Thu Apr 07 07:19:43 +0000 2022
CryptoTroia ,"FOMC tutanaklarından beklenti harici bir şey çıkmadı. Robot sinyallerini açmaya başlarım yakında.

Bu haftaiçi kade… https://t.co/9LJcmK5yRO",Wed Apr 06 21:23:10 +0000 2022
CryptoTroia ,@CagatayKurt61 Ben dedim uğursuz coin paylaşmaya başladıysa kâr alalım diye. Geldi piyasayı kuruttu yine spatulacı. Boğa fenomeni,Wed Apr 06 21:20:31 +0000 2022
CryptoTroia ,"Boğa döngülerinin daha sağlam ve sağlıklı ilerleyebilmesi için ara düzeltmeler şarttır. 

Hiç can sıkacak bir durum… https://t.co/f3LAfoBDly",Wed Apr 06 05:50:40 +0000 2022
CryptoTroia ,RT @meslaus: @CryptoTroia ant sxp ray gxs scrt ve  daha niceleri için teşekkürler hocam her daim rakipteyiz #TroiaRobot,Tue Apr 05 20:14:22 +0000 2022
CryptoTroia ,"RT @edebikalk: @CryptoTroia Hocam Kasım ayından bu yana yazdığınız her şeye şahidim, inanılmaz bir süreç yürüttünüz. Hem psikolojik olarak…",Tue Apr 05 19:47:01 +0000 2022
CryptoTroia ,Kucoin sponsorluğunda yeni üye olanlara 9 Nisan tarihine kadar vadeli işlemlerde geçerli çekilebilir usdt hediyeler… https://t.co/UT2peiGanS,Tue Apr 05 19:43:23 +0000 2022
CryptoTroia ,"Aylardır tek bir şeye işaret ediyorum, Mart ayı FED ardından Boğa döngüsünün kapısı aralanacak diyorum.

Kapıyı ara… https://t.co/0edoemkZ62",Tue Apr 05 19:37:08 +0000 2022
CryptoTroia ,". @DevolutionMeta ekibi aralık vermeden güncellemelere devam ediyor. Ekibin çalışkanlığı takdire şayan.

Bugün de V… https://t.co/fSbUequAXW",Tue Apr 05 16:29:52 +0000 2022
CryptoTroia ,@CagatayKurt61 Aman abi 84 milyon canlı yayında bizi izliyor 😂,Tue Apr 05 15:44:52 +0000 2022
CryptoTroia ,Saylor kadar insanı yoran başka adam görmedim..,Tue Apr 05 15:06:34 +0000 2022
CryptoTroia ,@Mehmet059609251 İşlemler eş zamanlı gelmeye devam edecek. Size 5 işlem geliyorsa oraya 1 işlem geliyor zaten. Bu k… https://t.co/5TO4R5Vlo8,Tue Apr 05 15:01:54 +0000 2022
kripto_expert,"1 Kişiye 100Tl 
(Zaman 2 Saat)
Tek Yapmanız Gereken Bu Twiti Beğenmek Ve Telegram Kullanıcı Adını Yoruma Yazmak...",Sat Feb 12 20:12:38 +0000 2022
kripto_expert,"RT @CryptoTroia: İçerisinde epey yüklü bakiyemin bulunduğu Binance hesabım kilitlendi.

Durumun ivedilikle çözülmesini bekliyorum. Benim gi…",Mon Jan 17 23:31:07 +0000 2022
kripto_expert,"Gittikçe popüler olmaya devam ediyor, biz 2 ay önce paylaşmıştık siz birde 2022 de görün 😍 #ceekusdt #CEEKVR https://t.co/oXrq0Zzz82",Mon Dec 27 20:44:14 +0000 2021
kripto_expert,On Numara Sepet @YusufAlemdars Keydeyim bende 👍👍👍 https://t.co/cxuIvwmVsl,Fri Dec 17 15:08:49 +0000 2021
kripto_expert,#Metaverse demişken #CEEK şöyle 0.30$ civarına gerilese de daha ekleme yapsak yaw :),Sat Dec 11 12:48:30 +0000 2021
kripto_expert,2021 Yılının başından bu yana en kötü proje bile min 2x-3x yaptı çoğu projeler uzaya çıktı bence piyasa çok pahalandı.,Sat Dec 11 12:38:17 +0000 2021
kripto_expert,Daha 1 ay önce herkes Mega Boğa diyordu :) Yüz binlerce abonesi olan kanallar vs 2021 Bitmeden Btc 100k 150k görece… https://t.co/RCt5CSotDe,Sat Dec 11 12:37:02 +0000 2021
kripto_expert,Bugün Telegram grubumuzda paylaştığımız coin 3x yaptı. Kısa vadede kazanmak istiyorsanız telegram grubumuza ücretsi… https://t.co/0X4Iv3pSNK,Sat Oct 23 15:52:08 +0000 2021
kripto_expert,@yunuscansii Pancake de Hotbitte kral,Tue Oct 19 09:09:23 +0000 2021
kripto_expert,@KriptoFati Bende girdim 40 tan hadi bakalım 🤗,Thu May 28 12:15:32 +0000 2020
WolfMS_,@dairAction_ @srozgl @yetersozbenim Yeri geldikçe paylaşacağım bro hepinizi.,Fri Apr 08 20:01:14 +0000 2022
WolfMS_,@Fehreddin @srozgl @yetersozbenim Trade için ben her zaman hacimli pariteleri kullanırım bro. Eğer yatırımlık soruy… https://t.co/9Mm2TKDGDY,Fri Apr 08 19:33:03 +0000 2022
WolfMS_,@Serdarbahattin1 :D bünye büyük bro,Fri Apr 08 19:05:00 +0000 2022
WolfMS_,@kacakmallboro 😘,Fri Apr 08 19:04:20 +0000 2022
WolfMS_,"$BTC - LTF Update:

Kasten 10 gün önceki analizi alıntılıyorum ki devamında gerçekleşen fiyat hareketlerini görün d… https://t.co/oO8dQ7UFla",Fri Apr 08 18:58:45 +0000 2022
WolfMS_,@yetersozbenim Çok daha iyilerini yapacağına inanıyorum brom 🤝 var ol.,Fri Apr 08 18:18:48 +0000 2022
WolfMS_,@yetersozbenim @akablendr @srozgl ❤️🤝,Fri Apr 08 17:15:21 +0000 2022
WolfMS_,@akablendr @srozgl @yetersozbenim Güzel bir OB bro. Dikkate alınır.,Fri Apr 08 17:11:17 +0000 2022
WolfMS_,@akablendr @srozgl @yetersozbenim Estağfirullah bro. Öyle şey mi olur. Gayet başarılı bir çalışma olmuş seninki de 👏,Fri Apr 08 17:08:32 +0000 2022
WolfMS_,"Sadece benim değil, öğrencilerin de setup’ları sizler için üzerinde çalışmalık.

Kendilerini tebrik ediyorum… https://t.co/1MdmESUxM2",Fri Apr 08 17:02:21 +0000 2022
WolfMS_,@BadlandYW :D,Fri Apr 08 15:48:28 +0000 2022
WolfMS_,@rahatyokdunyada Çünkü her tweet’imin altında bot hesaplarını engellemekten sıkıldım bro.,Fri Apr 08 15:48:20 +0000 2022
WolfMS_,"Bu KriptoHBA denilen şahıs, bot hesaplara zaman ayıracağına grafik çalışsaydı gerçekten bahsettiği fiyat hareketler… https://t.co/J6GLRDGyYd",Fri Apr 08 15:40:38 +0000 2022
WolfMS_,Fiyatın seyri bağlamında analizdeki görüşlerim geçerli. Elon Musk doğru zamanda doğru haberle fiyatı yukarı taşıdı… https://t.co/OUF5wkJEHA,Fri Apr 08 15:36:15 +0000 2022
WolfMS_,@kuzey_1000 Mum kapanışı.,Thu Apr 07 18:52:43 +0000 2022
WolfMS_,@aselamkatuc 4H diyorum bro. 4H LTF analizime bak.,Thu Apr 07 16:38:08 +0000 2022
WolfMS_,BTC’nin pumplaması durumunda bu bakış açımı alıntılayıp “noldu BTC yükseldi” gibisinden durumlar söz konusu olabili… https://t.co/RrdRpaqrff,Thu Apr 07 16:10:21 +0000 2022
WolfMS_,"HTF Breaker güçlü bir yapıdır. Bkz. ilk 64k ATH’sindeki düşüşten önce oluşan yapı.

Alıntıladığım grafikteki gri ku… https://t.co/2KDqetXstx",Thu Apr 07 16:04:06 +0000 2022
WolfMS_,"Haftalıktaki görünüm gri kutudan ret. 1M ise Breaker ret. 

Kısacası bu bölge üzerinde kalmalı. 4H grafiğimdeki sar… https://t.co/DFBvs39sAS",Thu Apr 07 16:04:05 +0000 2022
WolfMS_,"$VET - LTF Update:

Impulsive harekette emirlerimi almasa da dün mavi kutu %7'lik bir yükselişle işlevsellik kazand… https://t.co/7w4aKQOU5q",Thu Apr 07 08:29:42 +0000 2022
Btcrobotu,"Herkese Merhaba ,

2 Mart itibariyle sistemlerimizde son durum. 

Endeks xu030 ve  Viop için yeni overall tazelenmi… https://t.co/0MEXFTZ0Sm",Thu Mar 03 04:50:35 +0000 2022
Btcrobotu,Açığa satış işlemleri dahil değildir.,Thu Feb 24 19:47:55 +0000 2022
Btcrobotu,24 Şubat  itibariyle #sasa #krdmd #otkar Algoritmalarımızd son durumlar bu şekilde gerçekleşmiştir. https://t.co/0SEbmnMtvT,Thu Feb 24 19:47:30 +0000 2022
Btcrobotu,"Herkese Merhaba , 

24 Şubat itibariyle sistemlerimizde son durum xu030 2257,93 seviyesinden sat şekilinde oluşmuşt… https://t.co/w8HspOq2Nj",Thu Feb 24 19:42:33 +0000 2022
Btcrobotu,"Herkese Merhaba ,

17 Şubat itibariyle , Algoritmalarımızda son durum bu şekilde gerçekleşmiştir. 2260 seviyesinden… https://t.co/4GEhJrKPW4",Thu Feb 17 19:37:30 +0000 2022
Btcrobotu,"Herkese merhaba,

17 Şubat itibariyle sistemlerimizde son durum bu şekilde gerçeklemiştir. https://t.co/k4nG8Cnghu",Wed Feb 16 21:14:34 +0000 2022
Btcrobotu,"14 Şubat olacaktı ***

Matriks geçmiş dataların bir kısmını silmiş. bu nedenle işlem sayısı düşmüştür. önceki verilere göre ****",Mon Feb 14 20:51:35 +0000 2022
Btcrobotu,"Herkese Merhaba

11 Şubat itibariyle Algoritmalarımızda son durum.

Böylelikle 3.2 içerisinde Xu030 Hisselerinde ve… https://t.co/Btx2J1x4Zp",Mon Feb 14 20:50:28 +0000 2022
Btcrobotu,"Herkese Merhaba

11 Şubat itibariyle Algoritmalarımızda son durum.

Böylelikle 3.5 içerisinde Xu030 Hisselerinde ve… https://t.co/ojU5XYnuln",Fri Feb 11 19:47:41 +0000 2022
Btcrobotu,"EREGL Son durum.

Algoritmalarımızda bugün toplamda % 110 getiri ile yeni overall tazenlenmiştir. https://t.co/dQUcJ3SxUW",Thu Feb 10 17:47:09 +0000 2022
Btcrobotu,"Herkese Merhaba

10 Şubat itibariyle Algoritmalarımızda son durum.

Böylelikle 3.5 içerisinde Xu030 Hisselerinde ve… https://t.co/bEnJz85UOo",Thu Feb 10 17:43:43 +0000 2022
Btcrobotu,"Herkese Merhaba

9 Şubat itibariyle Algoritmalarımızda son durum.

Böylelikle 3.5 içerisinde Xu030 Hisselerinde ve… https://t.co/zaFHdDz8Cg",Wed Feb 09 16:41:47 +0000 2022
Btcrobotu,"Herkese Merhaba

9 Şubat itibariyle Algoritmalarımızda son durum.

Böylelikle 3.5 içerisinde Xu030 Hisselerinde ve… https://t.co/d28Igb6c0H",Tue Feb 08 20:44:52 +0000 2022
Btcrobotu,"7 Şubat Eregl 

Algoritmalarımızda son durum 

% 90 üzerinde kanç sağlamıştır. https://t.co/tGI9uOnTew",Mon Feb 07 18:13:02 +0000 2022
Btcrobotu,Açığa satış işlemleri dahil değildir. !,Mon Feb 07 18:11:17 +0000 2022
Btcrobotu,"7 Şubat itibariyle Krdmd algoritmalarımızda toplam kazanç 34 işlem ile  % 114 e ulaşmıştır.

Algoritmalarımız hakkı… https://t.co/VTrdUlliPa",Mon Feb 07 18:00:50 +0000 2022
Btcrobotu,"Herkese Merhaba

7 Şubat itibariyle Algoritmalarımızda yeni overall tazenlenmiştir.

Böylelikle 3.5 içerisinde Xu03… https://t.co/bXggYE3adq",Mon Feb 07 17:55:58 +0000 2022
Btcrobotu,@SudemirSalim @NihalAkarsu34 ince espiler ve kapaklar  bonus :),Sat Feb 05 21:05:32 +0000 2022
Btcrobotu,"@NihalAkarsu34 1- yabancı dizi:  person of interest ( aksiyon bilim kurgu )

2- mad max of road ( full aksiyon)

3-… https://t.co/PKWdcL4zP7",Sat Feb 05 21:03:12 +0000 2022
Btcrobotu,4 şubat itibariyle #sasa son durum https://t.co/paqTidj7jx,Fri Feb 04 17:47:12 +0000 2022
kriptowarrior,@Recepakbaba16 ⚔️,Fri Apr 08 20:22:35 +0000 2022
kriptowarrior,@twirlywood nasip ⚔️,Fri Apr 08 20:22:30 +0000 2022
kriptowarrior,"Adam tek twitle #hamster coini %100 yaptırdı ahahhahaha ⚔️

Gemcilerin yüzü gülüyor majör altcoinlerde olan dostlar… https://t.co/Q3UHvzM0f3",Fri Apr 08 20:16:44 +0000 2022
kriptowarrior,@erkanakturk2 hoş buldum kardeşim⚔️⚔️,Fri Apr 08 20:08:00 +0000 2022
kriptowarrior,@btc_magazin 42.700 ün alt kanalına düşeceğini düşünmüyorum. https://t.co/DAIFuJK8dJ,Fri Apr 08 18:50:03 +0000 2022
kriptowarrior,@YusufAlemdars ⚔️⚔️⚔️MANA⚔️⚔️⚔️,Fri Apr 08 18:42:58 +0000 2022
kriptowarrior,@Balzac78187686 haklısın dostum ⚔️,Fri Apr 08 17:07:35 +0000 2022
kriptowarrior,"2022 yılı içerisinde #Bitcoin 100.000$ olacağına inanıyor musun?

  Hayır                 Belki… https://t.co/gOjVgUJeuh",Fri Apr 08 17:06:12 +0000 2022
kriptowarrior,#Bitcoin geleceğimizi inşa edecek ekonomik yapı taşı.,Fri Apr 08 15:37:44 +0000 2022
kriptowarrior,@twirlywood boş,Fri Apr 08 12:20:42 +0000 2022
kriptowarrior,@Alpayyp ⚔️⚔️,Fri Apr 08 12:20:31 +0000 2022
kriptowarrior,@kripto_takipp eyv,Fri Apr 08 12:20:24 +0000 2022
kriptowarrior,@onsaatt Adamsın⚔️,Fri Apr 08 12:20:13 +0000 2022
kriptowarrior,"Kripto Savaşçısı dostlarım beni diğer FENOMENLERLE KARIŞTIRMAYIN.

   -Herkese yorumda yanıt veririm hiç bir dostum… https://t.co/IJ6B1G3cSY",Fri Apr 08 09:00:02 +0000 2022
kriptowarrior,@twirlywood 😂😂,Thu Apr 07 22:34:59 +0000 2022
kriptowarrior,@Balzac78187686 umarım güzel kazanç yakalarsın ⚔️,Thu Apr 07 20:58:35 +0000 2022
kriptowarrior,@Balzac78187686 nft hiç anlamıyorum dostum opensea hesabım bile yok ⚔️,Thu Apr 07 20:55:07 +0000 2022
kriptowarrior,@AcunerSuna Tabii Suna hanım farketmez ⚔️⚔️😂,Thu Apr 07 20:54:12 +0000 2022
kriptowarrior,@Recepakbaba16 ahahha 😂,Thu Apr 07 20:49:30 +0000 2022
kriptowarrior,@Alpayyp 😂😂,Thu Apr 07 20:44:42 +0000 2022
LoyaTheTrader,"#Bitcoin teknik grafiğinde boğadan sesler...

Belki tesadüf belki bir işaret :) https://t.co/pRaese0DMv",Fri Apr 08 21:24:44 +0000 2022
LoyaTheTrader,"Ne almaya ne satmaya fırsat vermeyecek kadar hızlı ve sert bir ralli koşusunun çok yakınında olabiliriz...

Belki t… https://t.co/QT2RbsweL2",Fri Apr 08 17:58:36 +0000 2022
LoyaTheTrader,"#Bitcoin ""golden cross"" boğa kesişimine hazırlanıyor...
**
Not: 50 günlük hareketli ortalamanın 200 günlük hareketl… https://t.co/WgEafNZmmo",Fri Apr 08 17:07:17 +0000 2022
LoyaTheTrader,"Yakında telegramı aktif olarak kullanıma başlayacağım... 

Katılmak için 👇
https://t.co/wUVm1ggP3R",Fri Apr 08 09:07:51 +0000 2022
LoyaTheTrader,"#Bitcoin teknik görüntü düşüş değil yükseliş onayı diyor...

Çalışıp çalışmayacağını sadece zaman gösterecek https://t.co/fBYM2IXfrV",Thu Apr 07 19:20:30 +0000 2022
LoyaTheTrader,"@fatihhpoyrz Çünkü birçok proje scam çıkabiliyor, tahta üzerinde çeşitli spekülasyon ve manipülasyonlar dönebiliyor... 

Büyük sorumluluk...",Thu Apr 07 09:52:18 +0000 2022
LoyaTheTrader,"Sevgili ayılar: FED tutanaklarındaki aşırı şahin söylemlere rağmen #bitcoin'i %10 bile düşüremediniz... 

Ne oldu? Nefesiniz mi kesildi🔥",Thu Apr 07 06:48:33 +0000 2022
LoyaTheTrader,"20binciler: Kaçın... Boğalar geliyor 

#Bitcoin",Thu Apr 07 06:40:53 +0000 2022
LoyaTheTrader,@jokerr1702 belki tesadüf belki işaret dedim 33binden işlem görüyordu 48bine dayandı... Eleştiriye açığım ama sezarın hakkı sezara lütfen,Wed Apr 06 12:33:08 +0000 2022
LoyaTheTrader,"#Ethereum RSI göstergesindeki ""bullish"" yapıya dikkat ediniz...

Belki tesadüf belki bir işaret :) https://t.co/LImID5mAKo",Wed Apr 06 12:27:18 +0000 2022
LoyaTheTrader,"Tesadüf olamayacak kadar muntazam...

#bitcoin https://t.co/xLSQp5d5c6",Wed Apr 06 07:57:10 +0000 2022
LoyaTheTrader,"Altcoin grafikleri oldukça bullish… 

#Bitcoin",Tue Apr 05 13:01:54 +0000 2022
LoyaTheTrader,#Bitcoin bir önceki ralli koşusunda turuncu hareketli ortalama (ema250)'yi nasıl kendine destek yaptığına ve sonras… https://t.co/m6i44EEtwi,Mon Apr 04 18:10:40 +0000 2022
LoyaTheTrader,"“Boğa piyasaları karamsarlıkta doğar, kuşkuda büyür, iyimserlikte olgunlaşır ve coşkuda ölür.

33bindeyken 10K olac… https://t.co/8nm32aKWAT",Mon Apr 04 09:33:00 +0000 2022
LoyaTheTrader,"Trendin yönü değişti. Dipler artık satın almak var

#Bitcoin",Mon Apr 04 09:09:27 +0000 2022
LoyaTheTrader,"2019 ralli koşusu ile günümüzdeki RSI ve fiyat hareketlerindeki benzerliğe dikkat ediniz!

Bu döngüye göre 2022 boğ… https://t.co/p3Byqgh389",Sun Apr 03 20:49:31 +0000 2022
LoyaTheTrader,"#Bitcoin haftalık MACD'deki boğa kesişimi ve günlük fiyat grafiğindeki bullish yapı...

Perakendeciler trendin dönü… https://t.co/HIkDkiJD20",Sun Apr 03 15:49:01 +0000 2022
LoyaTheTrader,"Twitter’ı #bitcoin ve #ethereum analizi paylaşmak için kullanıyorum. 

Altcoin analizleri için telegramı kullanacağ… https://t.co/J6F3Mrmy7R",Sun Apr 03 13:53:20 +0000 2022
LoyaTheTrader,https://t.co/qavoVIdnza,Sun Apr 03 08:37:07 +0000 2022
LoyaTheTrader,"#Bitcoin'de yaşanan ralli döngülerindeki grafiksel benzerliğe dikkat ediniz... 

Belki tesadüf belki bir işaret https://t.co/U7j7jnSXl5",Sun Apr 03 08:24:31 +0000 2022
Kriptokoin,"@is_ecoll @bitcicom Merhaba. Yakım ile ilgili detaylı bilgiler, kısa süre içerisinde sosyal medya hesaplarımızdan p… https://t.co/LUCiuqYTtp",Sat Apr 09 07:07:30 +0000 2022
Kriptokoin,Hafta Sonu Kritik: #ShibaInu Beklenen Rakamları Açıkladı! https://t.co/PXQ0oft8u1,Sat Apr 09 07:01:20 +0000 2022
Kriptokoin,"Güncel Piyasa Bilgisi 
@Bitcicom Katkılarıyla 

Kripto para piyasası ile ilgili güncel ve detaylı bilgiler için👇
🔗… https://t.co/RcYUl8MUPG",Sat Apr 09 06:46:37 +0000 2022
Kriptokoin,Dikkat: #Cardano ve #AVAX İçin 8 Önemli Haber Açıklandı! https://t.co/HsP9eiKtPO,Sat Apr 09 06:35:46 +0000 2022
Kriptokoin,"Kritik Anlar: #BTC, #DOGE, #SOL, #XRP, #ADA ve 5 #Altcoin Analizi! https://t.co/ZN9SkleRyC",Sat Apr 09 06:00:44 +0000 2022
Kriptokoin,"#Kraken: #Bitcoin, #ETH Değil! Bu #Altcoin'de Boğa Sinyali Var https://t.co/YOI84ERCr7",Sat Apr 09 05:30:02 +0000 2022
Kriptokoin,#GamblerShiba Nedir? #GSHIBA Coin Nasıl Alınır? https://t.co/8o3kugSKMU,Sat Apr 09 05:00:37 +0000 2022
Kriptokoin,#BonfireCoin Nedir? #BONFIRE Nasıl Alınır? https://t.co/sUy9pSJu9H,Sat Apr 09 04:02:16 +0000 2022
Kriptokoin,#AstroSwap (#ASTRO) Nedir? https://t.co/fbxk36B3hw,Fri Apr 08 22:30:42 +0000 2022
Kriptokoin,Şoke Etti: #Kripto Para Cinayetinde Sanıklardan Tahliye Talebi! https://t.co/UMnuM3bI43,Fri Apr 08 22:00:41 +0000 2022
Kriptokoin,Bu #Altcoin'lerin Kurumsal Taleple Patlaması Bekleniyor! https://t.co/KXDopzPYNT,Fri Apr 08 21:30:27 +0000 2022
Kriptokoin,Dikkat: #SHIB ve Bu 2 #Altcoin'de Balinalar Harekete Geçti! https://t.co/Egjsj6r1pC,Fri Apr 08 20:50:39 +0000 2022
Kriptokoin,3 Analist: #Altın Fiyatları Bu Seviyelere Düşüyor! https://t.co/IdRMdhXVf0,Fri Apr 08 20:30:34 +0000 2022
Kriptokoin,3 Kez Haklı Çıkan Analist: #Ethereum ve Bu 3 #Altcoin'e Bakın! https://t.co/NeGTwe0byZ,Fri Apr 08 20:08:10 +0000 2022
Kriptokoin,#Shiba Inu ve #DOGE: Yatırımcılar Bu Seviyelere Hazırlanmalı! https://t.co/BnVvIGeyvX,Fri Apr 08 19:30:17 +0000 2022
Kriptokoin,4 Kez Bilen Analistin Son #Bitcoin Tahmini: Bu Seviyeler! https://t.co/D4QEzRzlJy,Fri Apr 08 19:00:38 +0000 2022
Kriptokoin,Herkes Bu #Altcoin'i Konuşuyor: 3 Dev Haber Duyurdu! https://t.co/1CyuxUQ44n,Fri Apr 08 18:31:55 +0000 2022
Kriptokoin,Ünlü CEO: #Altın İçin 12 Ay Boyunca Bu Seviyeleri Bekleyin! https://t.co/Hgo3DEZaef,Fri Apr 08 18:00:50 +0000 2022
Kriptokoin,Elon Musk Durmuyor: #BTC ve #DOGE Bu Haberle Zıpladı! https://t.co/bVbaq0bkfj,Fri Apr 08 17:36:51 +0000 2022
Kriptokoin,"#SHIB, #ADA, #Cosmos ve Bu 10 #Altcoin'de Büyük Gelişmeler Var! https://t.co/7sM0J5WmVX",Fri Apr 08 17:17:36 +0000 2022
CryptoSarelf,"#NASDAQ Borsası 14311 desteği üzerinde haftalık kapanış yaptı. 

Hafta sonu bu belirsizlikten dolayı #btc sığ ve ha… https://t.co/I1spiiPcAf",Fri Apr 08 21:20:59 +0000 2022
CryptoSarelf,"@gmgiray Senin yorumlarına gelmiyor mu botları abi? 

Canımmmm bu aralar sadece bunu takip ediyorum gibi yorumlar",Fri Apr 08 21:02:22 +0000 2022
CryptoSarelf,@cebraildogan133 Estağfirullah abi,Fri Apr 08 21:01:17 +0000 2022
CryptoSarelf,@nhtctnk Botları üstümüzden salsın. Ne istiyorsa öyle hitap edeceğim 😂😂,Fri Apr 08 21:00:38 +0000 2022
CryptoSarelf,@umitfy Ne bileyim abi kimdir necidir. Her yorumun altında botları saniyelik yorum atıyor :),Fri Apr 08 20:59:57 +0000 2022
CryptoSarelf,@canemre727272 Güzel soru. 8 saat önceki tweetimi okumalısın 🌹,Fri Apr 08 20:28:04 +0000 2022
CryptoSarelf,@osman_gulcemal Hayır 10x,Fri Apr 08 20:25:54 +0000 2022
CryptoSarelf,@fatihcrypto1 Yav oğlum bi dur yav atooo bu kafa atıyorrrrr 😂😂😂😂😂,Fri Apr 08 20:25:08 +0000 2022
CryptoSarelf,@Sezerbey46 24 bin dolar değil 24btc :),Fri Apr 08 20:24:09 +0000 2022
CryptoSarelf,@fatihcrypto1 Abi inşallah bana boynuzu gelmez 😂😂😂😂,Fri Apr 08 20:23:21 +0000 2022
CryptoSarelf,@kriptomaaaa Stop noktası yazıyor :),Fri Apr 08 20:22:26 +0000 2022
CryptoSarelf,@mehmetisik2064 🌹,Fri Apr 08 18:58:30 +0000 2022
CryptoSarelf,@kenanyl95472634 Hayırlı olsun kardeşimmmmm bol kazançlar 🌹,Fri Apr 08 18:52:22 +0000 2022
CryptoSarelf,@GokhanGark Bana mı gelecek ? 😂,Fri Apr 08 18:18:41 +0000 2022
CryptoSarelf,Herkes yine öldük bittik battık diyorsa bu dönmez 20K kapıda diyorsa ve ben bunları görüyorsam  nakite geçirdiğim m… https://t.co/FenCOp47pN,Fri Apr 08 17:41:08 +0000 2022
CryptoSarelf,"Herkes tekrar karamsarlık öldük bittik batıyoruz demeye başladı. Altlar 15 günde  2-3x yaparken herkes iyidi , btc… https://t.co/3KwjcXWuFQ",Fri Apr 08 17:37:46 +0000 2022
CryptoSarelf,@tolgahanizmir Pandemi başlangıcında btc %60 düştü sonra yükseldi bunuda bil :),Fri Apr 08 17:08:58 +0000 2022
CryptoSarelf,@dogalatas Ben yayım parayı basacaz mı 😂,Fri Apr 08 17:02:52 +0000 2022
CryptoSarelf,"#DXY  ABD dolar endeksi 2020 pandemi başlangıç seviyesine yükseldi. 100 ün üzerine attı ve müdahale geldi. 

ABD do… https://t.co/RRim1vtGTT",Fri Apr 08 16:47:14 +0000 2022
CryptoSarelf,@realizasyonN Ne olsun?,Fri Apr 08 16:29:05 +0000 2022
Cointr,"Analist Polygon (MATIC), VeChain (VET) ve Bu İki Altcoin Adına Kritik Destek ve Direnç Seviyelerine İşaret Etti!   https://t.co/dHyM39Q9dP",Sat Apr 09 07:01:57 +0000 2022
Cointr,"Piyasadaki Düşüş İvmesi Devam Ediyor: Bitcoin (BTC), Kritik Fiyat Seviyelerine Geriledi!   https://t.co/TyifvYeKUI",Sat Apr 09 05:59:58 +0000 2022
Cointr,NFT’leri Anlamak! 36 Yarış Atı Fiyatına Satılan NFT At!   https://t.co/mIdc1EDxxC,Fri Apr 08 19:56:50 +0000 2022
Cointr,2022 İlk Çeyrek DeFi Raporu! İkinci Çeyrek Beklentileri Neler?   https://t.co/6gEePyU1kP,Fri Apr 08 19:12:51 +0000 2022
Cointr,Kripto Paralar Neden Düştü? Uzmanların Kripto Para Yorumu!   https://t.co/oos0Kfh9Wa,Fri Apr 08 18:40:46 +0000 2022
Cointr,Harmony (ONE) Yeni Ralliyi Başlatacak Mı?   https://t.co/Y2KeXz20OU,Fri Apr 08 18:02:35 +0000 2022
Cointr,3 Altcoin Ralliye Başlayabilir! Kenny İddialı Konuştu!   https://t.co/wBsp2TJB7F,Fri Apr 08 17:21:30 +0000 2022
Cointr,Tom Lee İddialara Cevap Veriyor! Kripto Para Açıklaması!   https://t.co/BvqVzEoVsp,Fri Apr 08 16:45:30 +0000 2022
Cointr,Vodafone Bu Metaverse Altcoini Tercih Etti!   https://t.co/JVFCJOcqqO,Fri Apr 08 16:01:17 +0000 2022
Cointr,Yüzde 100 Potansiyelli 5 Altcoin! Nisan Ayının Favorileri!   https://t.co/vqV6DfOqJ2,Fri Apr 08 15:37:27 +0000 2022
Cointr,Son Dakika: Elon Musk ve Yeni Bitcoin (BTC) Ortaklığı!   https://t.co/rQJE2gXvI8,Fri Apr 08 15:02:25 +0000 2022
Cointr,"RT @OsmanKuzucu: Çok keyifli bir sohbetti, çok teşekkür ederim :)",Fri Apr 08 14:58:51 +0000 2022
Cointr,Near Protocol (NEAR)’dan Son Gelişme: İddialar Doğru mu?   https://t.co/Xgkg0iEIY5,Fri Apr 08 14:34:18 +0000 2022
Cointr,SEC ve Ripple (XRP) Davasında Son Gelişmeler: Dava Hız mı Kazanıyor?   https://t.co/HL5kmzWaCf,Fri Apr 08 13:46:04 +0000 2022
Cointr,Bitcoin (BTC) Balinası MicroStrategy’den Bitcoin Konferansında Biden Yorumu   https://t.co/16gZYAkTFq,Fri Apr 08 13:12:35 +0000 2022
Cointr,Elon Musk Bu Gelişmelerle Dogecoin (DOGE)’nin Fiyatını Etkiliyor!   https://t.co/3wi4NYiyPW,Fri Apr 08 12:41:39 +0000 2022
Cointr,"AVAX, Holo ve XRP’de Son Durum: Grafikler Altcoin’ler İçin Ne Diyor?   https://t.co/5c0YklMwTS",Fri Apr 08 12:01:56 +0000 2022
Cointr,"AB, Rusya'ya Yüksek Değerli Kripto Hizmetleri Sunmayı Yasakladı!   https://t.co/rq8BoimxlB",Fri Apr 08 11:34:34 +0000 2022
Cointr,Galaxy Digital’den İddialı Açıklama: Bu Altcoin Bitcoin (BTC)’yi Geçecek!   https://t.co/EG7ncpAKUu,Fri Apr 08 11:14:37 +0000 2022
Cointr,Son 48 Saatlik Bilanço: Kripto Para Piyasasında 300 Milyon Dolarlık Likidasyon!   https://t.co/AhS1g8865j,Fri Apr 08 09:52:34 +0000 2022
KoinBulteni,"📍 #Near Protocol, USN adında stablecoin'ini piyasaya sürecek - The Block

https://t.co/Ti3E1w3B2E",Fri Apr 08 14:07:00 +0000 2022
KoinBulteni,"📍 Rusya Başbakanı Mihail Mişustin: Rus vatandaşları 130 milyar dolarlık kripto para bulunduruyor

https://t.co/SronfMGqjX",Fri Apr 08 10:41:49 +0000 2022
KoinBulteni,"📍 Terra (#LUNA), 200 milyon dolarlık #AVAX alımı gerçekleştirdi

https://t.co/ULbYFOSwgn",Fri Apr 08 09:05:23 +0000 2022
KoinBulteni,"📍 Vadeli işlem piyasası Chicago Mercantile Exchange (CME) Group, 11 kripto parayı platformuna ekleyeceğini duyurdu

https://t.co/xqqpJ4N4y5",Fri Apr 08 07:32:56 +0000 2022
KoinBulteni,"📍 Bitcoin madencisi Greenidge Generation, New York'ta yasal zafer kazandı
https://t.co/6rOGXXKDRk",Fri Apr 08 06:20:13 +0000 2022
KoinBulteni,"📍 ABD'deki bankaları denetleyen Federal Mevduat Sigorta Kurumu, bankaların kripto paralar ile ilgili yürüttüğü faal… https://t.co/eMDBgjiQbj",Fri Apr 08 06:10:11 +0000 2022
KoinBulteni,📍 #Bitcoin ödeme şirketi Strike e-ticaret devi #Shopify ile resmi ortaklık kurduğunu açıkladı.,Thu Apr 07 21:07:25 +0000 2022
KoinBulteni,"📍 ABD Hazine Bakanı Yellen, bugün kripto paralarla ilgili yaptığı açıklamalarda çarpıcı ifadeler kullanmayıp, geçmi… https://t.co/QdpbpsSF4y",Thu Apr 07 16:45:35 +0000 2022
KoinBulteni,"📍 Amerikan futbolu ekiplerinden Tennessee Titans, ödemeler için #Bitcoin (BTC) kabul eden ilk National Football Lea… https://t.co/k2eu961ODA",Thu Apr 07 14:42:00 +0000 2022
KoinBulteni,"📍#HBAR Vakfı, 250 milyon dolarlık metaverse fonunu başlattı

https://t.co/CL0qaOMyL2",Thu Apr 07 14:32:00 +0000 2022
KoinBulteni,📍 Akıllı sözleşmeleri denetleyen siber güvenlik firması CertiK; 88 milyon dolar daha yatırım alarak 2 milyar dolar… https://t.co/AYE22C3V4s,Thu Apr 07 12:45:41 +0000 2022
KoinBulteni,"📍 ABD Hazine Bakanı Janet Yellen, bugün saat TSİ 17.30'da ""kripto paralar"" hakkında Amerikan Üniversitesi’nde konuş… https://t.co/oRBkcNYAYH",Thu Apr 07 12:25:04 +0000 2022
KoinBulteni,"📍 Ödeme odaklı finansal teknoloji şirketi Bolt Financial, kripto hizmetleri sunan girişim şirketi Wyre Payments'ı 1… https://t.co/s1GKXpQ0qK",Thu Apr 07 11:48:10 +0000 2022
KoinBulteni,"📍 WeChat, CBDC dijital yuan'ın pilot programına dahil oldu: 23 şehirde hizmete girecek

https://t.co/2ZehgT4CAk",Thu Apr 07 10:04:40 +0000 2022
KoinBulteni,"📍 Nijerya Merkez Bankası (CBN), kripto işlemlerine izin veren dört bankaya toplam 814.3 milyon Nijerya nairası (yak… https://t.co/91zNIv0hrT",Thu Apr 07 09:39:21 +0000 2022
KoinBulteni,"📍 Microstrategy CEO'su Michael Saylor: #Bitcoin altından daha avantajlı

https://t.co/lYcY3RwXAZ",Thu Apr 07 08:49:34 +0000 2022
KoinBulteni,"📍 ABD Menkul Kıymetler ve Borsa Komisyonu (SEC), Teucrium'un Bitcoin (#BTC) vadeli ETF'ini onayladı: Spot Bitcoin E… https://t.co/uQwSJyikZZ",Thu Apr 07 07:43:23 +0000 2022
KoinBulteni,"📍 https://t.co/ladDAwb7MK, 200 milyon dolar yatırım alarak 4.5 milyar dolarlık değerlemeye ulaştı

https://t.co/OILugSw9uo",Wed Apr 06 14:50:53 +0000 2022
KoinBulteni,📍 #Bitcoin fiyatının düşmesiyle beraber son 1 saatte yaklaşık 90 milyon dolarlık pozisyon tasfiye edildi.,Wed Apr 06 14:21:48 +0000 2022
KoinBulteni,📍 #Bitcoin Miami konferansı esnasında Bitcoin fiyatı 44.000 doların altına düştü.,Wed Apr 06 14:16:18 +0000 2022
BTCHabercom,Günün Piyasa Verileri - 9 Nisan 2022 https://t.co/ljXNSBjfxG,Sat Apr 09 07:16:05 +0000 2022
BTCHabercom,"@BesteUyanik Detaylar için:

https://t.co/L9SxcRKsqP",Fri Apr 08 19:43:09 +0000 2022
BTCHabercom,Kısa bir süre önce yatırım alan ve gün içerisinde yüzde 20'den fazla değer kazanan Near Protocol (#NEAR) neden yüks… https://t.co/39sFpqa0Zf,Fri Apr 08 17:59:21 +0000 2022
BTCHabercom,"Detaylar için:

https://t.co/GVKaJMatH3",Fri Apr 08 15:23:30 +0000 2022
BTCHabercom,"kriptografik’in yeni bölümünde Beste Uyanık (@BesteUyanik) ile kripto para piyasasının, doların ve S&amp;P 500’ün günce… https://t.co/JWZ3udhZ3T",Fri Apr 08 15:13:51 +0000 2022
BTCHabercom,"#Binance, FCA üst düzey yetkilisini küresel düzenleyici politika direktörü olarak atadı.

https://t.co/ksTudCbpXh",Fri Apr 08 15:01:00 +0000 2022
BTCHabercom,"Tesla, Teksas'taki güneş enerjisi santralinden Bitcoin (#BTC) çıkarmak için Block ve Blockstream ile ortaklık kuruyor.",Fri Apr 08 14:57:58 +0000 2022
BTCHabercom,"Ödeme devi #Mastercard, #NFT ve #metaverse odaklı 15 ticari marka başvurusunda bulundu. 

https://t.co/fC8PpyaBIE",Fri Apr 08 14:33:00 +0000 2022
BTCHabercom,"Lüksemburg merkezli kripto para borsası Bitstamp, ABD'deki bankalara ve fintech'lere hizmetlerinin bir versiyonunu… https://t.co/92adHsSScx",Fri Apr 08 14:01:00 +0000 2022
BTCHabercom,"Telekomünikasyon şirketi Vodafone Decentraland #metaverse platformunda mağaza açacağını açıkladı. 

https://t.co/lq8vEO28GJ",Fri Apr 08 13:33:00 +0000 2022
BTCHabercom,"Türkiye’deki başarılı sporcuları desteklemek hedefiyle kurulan Team Paribu (@ParibuCom), bu yıl kapsamını genişleti… https://t.co/vUC8d8QFws",Fri Apr 08 13:08:29 +0000 2022
BTCHabercom,"Beste Uyanık’ın (@BesteUyanik) sunumuyla kriptografik bu akşam BTCHaber TV’de!

▶️ BTCHaber TV:… https://t.co/ITENEFt2oD",Fri Apr 08 12:47:58 +0000 2022
BTCHabercom,"Oyuncak şirketi Lego ve oyun devi Epic Games’ten metaverse ile ilgili yeni bir hamle geldi. 

İki dev şirket, çocuk… https://t.co/hszSCohXNO",Fri Apr 08 12:33:00 +0000 2022
BTCHabercom,"#Ripple, gelişmiş #NFT işlevselliğini destekleyen XRP Ledger 1.9.0 sürümünün yayınlandığını duyurdu. 

https://t.co/iwXJtnNbN7",Fri Apr 08 12:04:00 +0000 2022
BTCHabercom,"Kripto para kredi platformu #Celsius, şu anda 150.000'den fazla Bitcoin'e (#BTC) sahip olduğunu duyurdu.

https://t.co/O8TfGubKBm",Fri Apr 08 11:39:22 +0000 2022
BTCHabercom,"#AB'nin 5. Rus yaptırım paketi, Rusya'ya yüksek değerli kripto varlık hizmetleri sunulmasına ilişkin yasaklar içeri… https://t.co/zZMFvLE6le",Fri Apr 08 11:02:00 +0000 2022
BTCHabercom,"Team Paribu projesinin basın toplantısındayız. 

Paribu (@ParibuCom) CEO'su Yasin Oral, Türkiye’de spor algısı üzer… https://t.co/vOCgpSsjdG",Fri Apr 08 10:48:44 +0000 2022
BTCHabercom,Detaylar için: https://t.co/j5ylkUfOQs,Fri Apr 08 10:23:53 +0000 2022
BTCHabercom,CoinGecko (@coingecko) Verilerine Göre Türkiye’de ve Dünyada Haftanın Trend Kripto Paraları 2 – 8 Nisan https://t.co/9miN7ZJn05,Fri Apr 08 10:22:08 +0000 2022
BTCHabercom,"Paypal'ın kurucu ortağı ve risk sermayedarı Peter Thiel, Amerikanın en ünlü finansör isimlerinin #Bitcoin'e ayak ba… https://t.co/vr8gaaXgNl",Fri Apr 08 10:01:00 +0000 2022
Coinnethaber,SOLAR NETWORK (SXP) TÜRKİYE PAZARINA AÇILIYOR. https://t.co/HyZhTFELku,Fri Apr 08 19:40:44 +0000 2022
Coinnethaber,#BankofAmerica: ''Durgunluk Şoku Geliyor'' https://t.co/KpYphx4Log,Fri Apr 08 15:19:37 +0000 2022
Coinnethaber,#Honduras Adası #Bitcoin'i Yasal İhale Olarak Kabul Etti https://t.co/IsDMsBchIR,Fri Apr 08 15:05:21 +0000 2022
Coinnethaber,Eski #Citibank Üçlüsü #Kripto Yatırım Yönetimi Şirketi Kurdu https://t.co/EVjyM1cfpQ,Fri Apr 08 13:21:56 +0000 2022
Coinnethaber,"AB, #Rusya'ya Karşı Beşinci Tur Yaptırımlarla #Kripto Boşluklarını Hedefliyor https://t.co/AbgdA9feo7",Fri Apr 08 12:58:15 +0000 2022
Coinnethaber,"İş zekası şirketi sahibi olan Microstrategy’nin CEO’su Michael Saylor, Biden’ın kripto paralar ile ilgili son yürüt… https://t.co/dxEeICb8Cr",Fri Apr 08 11:31:57 +0000 2022
Coinnethaber,Federal Sigorta Mevduat Birliği (FDIC) ABD’deki tüm bankaların kripto paralar ile ilgili faaliyetlerini raporlaması… https://t.co/uYlzwHu9of,Fri Apr 08 09:37:28 +0000 2022
Coinnethaber,"#Coinbase, Hindistan'da #Kripto Ticaretine Başladı https://t.co/yfyKnNYvQ1",Thu Apr 07 14:40:06 +0000 2022
Coinnethaber,"#CommunityGaming, #Kripto Esports'u Genişletmek için #SoftBank Liderliğindeki Turda 16 Milyon Dolar Topladı https://t.co/snT0Xxx3ha",Thu Apr 07 12:32:37 +0000 2022
Coinnethaber,#Bitcoin madenci Maratonu #Montana madencilik tesisini karbon nötr hale getirdi. https://t.co/AP6yGPCq7A,Thu Apr 07 12:30:12 +0000 2022
Coinnethaber,"Dünyanın en büyük kripto borsası #Binance, yaşadığı ağ sorunları nedeniyle Solana’nın para çekme işlemlerini geçici… https://t.co/p73k3wo4ir",Thu Apr 07 11:47:00 +0000 2022
Coinnethaber,"Çin’in önde gelen sosyal medya ve mesajlaşma uygulamalarından olan WeChat, e-CNY ödemelerini desteklerine ekledi. https://t.co/VeKUJg0MHh",Thu Apr 07 11:04:37 +0000 2022
Coinnethaber,Avustralya’da düzenleyici olarak bilinen APRA bankaları kripto paralar konusunda uyaracak. https://t.co/g1MgRgsVqw,Thu Apr 07 09:44:34 +0000 2022
Coinnethaber,Bankacılık devi #Goldman Sachs OTC #Ether Opsiyon Ticaretini Başlatacak https://t.co/2hNTGhsGpM,Wed Apr 06 17:29:12 +0000 2022
Coinnethaber,"#BinanceUS İlk Finansman Turunda 4,5 Milyar #Dolar Değerinde https://t.co/TFOr3Vp60R",Wed Apr 06 15:38:41 +0000 2022
Coinnethaber,"#Texas Bank, Çalışanlarına #Bitcoin Tasarruf Planı Sunuyor https://t.co/E42WIYfibL",Wed Apr 06 14:57:32 +0000 2022
Coinnethaber,"#Worldpay, Ddoğrudan #USDC Anlaşması Yapıyor  https://t.co/aUGBJ1GLEF",Wed Apr 06 14:13:32 +0000 2022
Coinnethaber,"#Blockchain.com, Yatırımcılara Varlık Yönetim Hizmetini Başlattı https://t.co/cnLIBSu6UD",Wed Apr 06 13:02:41 +0000 2022
Coinnethaber,Ukrayna NFT Bağışlarını Açık Artırmayla Satacak https://t.co/9PfL2OJZpi,Wed Apr 06 11:12:19 +0000 2022
Coinnethaber,"MicroStrategy, 190 Milyon Dolar Değerinde Bitcoin Satın Aldı https://t.co/k84wpj2Tnh",Wed Apr 06 10:04:03 +0000 2022
KriptoTurk_TR,#btc ilk sağlam destek aralığımız olan 42k - 41500 aralığına doğru yol aldı :) umarım orası kırılmaz orasıda kırılı… https://t.co/MH0qoqihzu,Fri Apr 08 17:21:52 +0000 2022
KriptoTurk_TR,"RT @TurkPromoter: 🏆30$ for 3 people 🔥

1️⃣ Follow: Me and @KriptoTurk_TR
2️⃣ RT🔁+LIKE❤️
3️⃣ Tag 2 friends

🚨48H
📢 It will be announced with…",Fri Apr 08 16:32:17 +0000 2022
KriptoTurk_TR,@semasaydam2 Galiba bende öyle yapıcam,Fri Apr 08 13:09:18 +0000 2022
KriptoTurk_TR,@gulhanaydos Aynen bak daha 5  ay önce Adidas tan ayakkabı aldım bugün tekrar aynı mağazaya girdim hep eski modelle… https://t.co/zIlZCpWLEn,Fri Apr 08 12:03:06 +0000 2022
KriptoTurk_TR,"@coinsinov Hee aynen bide şey diyorlar yardımcı olabilirmiyim? Yardıma ihtiyacım olsa söylerim zaten 🤣
Bakarak beğeniyorum işte ne yardımı",Fri Apr 08 12:01:45 +0000 2022
KriptoTurk_TR,Koskoca avm gezdim bir ayakkabı bulamadım sizde benim gibi çok detaycımısınız?,Fri Apr 08 11:34:40 +0000 2022
KriptoTurk_TR,$STX #STXUSDT https://t.co/WZNFJWl2OI,Thu Apr 07 21:08:39 +0000 2022
KriptoTurk_TR,"Şu tayfa bana özelden trx Trc20 adresini atsın ♥️

@kemalhicylmz
@dalga010
@gulhanaydos
@BozdemirLeyla… https://t.co/cbVcSTBAzc",Thu Apr 07 15:43:34 +0000 2022
KriptoTurk_TR,"$AVAX tam karar aşamasında 75.50 desteği önemsenmeli.!
Bu seviye altına inerse sağlam düşüş beklerim avaxtan, yatır… https://t.co/CuXK6nz9Mk",Thu Apr 07 15:39:30 +0000 2022
KriptoTurk_TR,@asefdagdelen1 ♥️,Thu Apr 07 15:33:38 +0000 2022
KriptoTurk_TR,"Özledim sizi♥️ kaldığımız yerden devam 🔥😉

#Bitcoin 4s grafik bu şekil takip ediyorum kanal alt bandı 43k desteği k… https://t.co/4vW1smcaoV",Thu Apr 07 15:32:46 +0000 2022
KriptoTurk_TR,Yoklama alabilirmiyim 😉🔥,Thu Apr 07 15:19:26 +0000 2022
KriptoTurk_TR,@Talha795860791 @Binance_Turkish ☺️💕,Wed Apr 06 21:20:18 +0000 2022
KriptoTurk_TR,@Binance_Turkish bunu kıskanan bne 🥲,Wed Apr 06 21:09:45 +0000 2022
KriptoTurk_TR,Grafikteki destekleri takip edebilirsiniz https://t.co/YVmJARdBd9,Wed Apr 06 14:59:10 +0000 2022
KriptoTurk_TR,@CagatayKurt61 üzerine para verirsen anca öyle gelirim 0$ çok pahalı,Tue Apr 05 21:43:28 +0000 2022
KriptoTurk_TR,@ZL_Y_SM en son neye katıldın mesela,Tue Apr 05 14:41:01 +0000 2022
KriptoTurk_TR,eskiden sürekli birşeylere katılıyorduk wl kovalıyorduk ne bilim sürü sürü etkinliğe katılıyorduk şimdi niye hiç he… https://t.co/D7pSvxjAq2,Tue Apr 05 14:35:50 +0000 2022
KriptoTurk_TR,daha önce sizlerle binanceden mobox etkinliğine katılmıştık ve hepimize avatar verilmişti bu avatarları artık satış… https://t.co/TBhCaZwgM1,Tue Apr 05 13:48:35 +0000 2022
KriptoTurk_TR,"Çok sağlam marjin operasyonu yapıyorlar 12x ve üzeri açanları liq ettiler.

Arkadaşlar bu ortamda kesinlikle marja… https://t.co/kKzE4jsoPa",Mon Apr 04 21:50:34 +0000 2022
Vforrkripto,"-Ana Trend desteğine kadar geldi. 

Bir kıvılcımda bu düşüş tersine dönecek ama #Slp biraz daha fazlasını yapmalı.… https://t.co/YWGOG1h0m7",Fri Apr 08 21:08:45 +0000 2022
Vforrkripto,🔹0x926ecC7687fCFB296E97a2b4501F41A6f5F8C214,Fri Apr 08 18:58:20 +0000 2022
Vforrkripto,"#BRNTOKEN PancakeSwap’te. Bir hafta
içerisinde #cmc ve #cg listelenmeleri
gelecek.
27 Nisan’da #Mexc borsasında İLK… https://t.co/joIHu6DCSa",Fri Apr 08 18:58:18 +0000 2022
Vforrkripto,Başarılı bir Telegram kanalını takip ediyorum. Sahibi 200'den fazla BTC'ye sahip ve Türkiye'nin en büyük balinaları… https://t.co/5MrAjaNJNg,Fri Apr 08 17:40:05 +0000 2022
Vforrkripto,"#Slp tutunmaya çalışıyor ama #Bitcoin altcoinleri ezmek için ne gerekiyorsa yapıyor.

-Bu sert düşüşe rağmen tutunu… https://t.co/AJWBskzFhd",Fri Apr 08 17:17:20 +0000 2022
Vforrkripto,"#Bitcoin 44k-43.500k arasında bir sıkışma mevcut umarım yukarı atar.

-Bu sürede altcoinlerde akümüle oluyor sırayl… https://t.co/9lh2BEwowT",Fri Apr 08 08:16:24 +0000 2022
Vforrkripto,"#SLP coinin bu kırılıma ve Güven vermeye ihtiyacı var. Çok konuşuldu çok spekülasyon yapıldı.
-Bunu yaparsa proje k… https://t.co/jeN16K1Zko",Thu Apr 07 21:10:59 +0000 2022
Vforrkripto,@Geldeyasa_63 Yooshi hatalı olmuş teşekkürler kardeşim,Thu Apr 07 20:37:58 +0000 2022
Vforrkripto,"#Gateio sepetimde ekleme yerinde olan birçoğu bol sıfırlı altcoinler bu şekilde;

-Soranlar için indirimli üyelik l… https://t.co/pCSDh5zwFi",Thu Apr 07 20:32:50 +0000 2022
Vforrkripto,"-Bu kadar düzeltme yetmez mi!

-Bize bir kıvılcım gerek #Spell #SLP 

-#Bitcoin den artık yukarı bir hareket görmeliyiz aylar oldu!",Thu Apr 07 19:38:42 +0000 2022
Vforrkripto,"Yakın zamanda  #Nft leri çıkaracaklar bir #meme coini @EasterShiba 
Elon Musk ın bu coin hakkında twit atmasını bek… https://t.co/64mmsf1Uz0",Thu Apr 07 18:57:12 +0000 2022
Vforrkripto,"#Slp ve #Spell maliyetleri kaç $ ?

-#Spell gayet iyi gidiyor direnç kırılımı için zorluyor.",Thu Apr 07 17:12:00 +0000 2022
Vforrkripto,"https://t.co/LtNcwO7mb3
Bununla üye olabilirsiniz üyeliği olmayanlar için indirimli.",Thu Apr 07 14:28:42 +0000 2022
Vforrkripto,"#Gateio sepetimde alım yerinde olanları paylaşacağım.

-Beklentim 1-2 yılda 10-50x arasında satabilmek.

-Hayal ürü… https://t.co/x4XLGZkMlH",Thu Apr 07 14:21:15 +0000 2022
Vforrkripto,"Oyna kazan oyunu, #NFT oyun içi arsa alım satımı olan bir proje @GriffinNFTArt 

Bu hafta oyunun demo sürümü mağaza… https://t.co/2rHJlL8lL4",Thu Apr 07 13:02:24 +0000 2022
Vforrkripto,"Herkese Selam V For Kripto Ailesi🙌

Aşırı yorgunluğum var ama hiç problem değil Hepsi SİZİN İÇİN !

#Slp ve #Spell… https://t.co/znM0P9jkdO",Thu Apr 07 11:45:59 +0000 2022
Vforrkripto,"🔹Yoklama alalım Bildirimler açık mı ?
🔹Bu saatte kimler ayakta görebilir miyim?

🔹Telegrama az önce video attım.
So… https://t.co/mgDh4MF3pW",Wed Apr 06 21:14:10 +0000 2022
Vforrkripto,"#Slp ve #SPELL de içim rahat!
Düşe kalka yürürüz biz Bu Yolda..

🔹#jasmy Sadece Takibimde henüz almadım , hepside g… https://t.co/JqOulgjxMe",Wed Apr 06 20:49:33 +0000 2022
Vforrkripto,"Arkadaşlar Jasmy almadım !
Sadece izliyorum !
Spell ve Slp de bekliyorum..
Gerekli şartlar oluşursa bilgi vereceğim… https://t.co/fbMPwWcyAs",Wed Apr 06 20:01:13 +0000 2022
Vforrkripto,"#JASMY takip ediyorum sizide bilgilendireceğim.

🔹Eğer kırılım yaparsa %50 kar edip #Slp ye tekrar döneceğiz.

🔹Dah… https://t.co/8MDyob1vvX",Wed Apr 06 19:50:29 +0000 2022
Bycoinhunter,"RT @eralpbuyukaslan: Nasdaq da aynı BTC gibi kısa vadeli trendini yitirmemek için artık dönüş yapması gereken destekte. 20MA,50MA ve FİB0 0…",Thu Apr 07 08:54:48 +0000 2022
Bycoinhunter,"⚡️ @PolyPad_App bugün

15:00’de @QuickswapDEX ’de 
15:30'de @PancakeSwap'de listelenecek

✅8 IDO ve CEX listelenmes… https://t.co/I7o68gWGlA",Thu Apr 07 08:24:24 +0000 2022
Bycoinhunter,"🎁500$ HEDİYE

FED'in Mayıs ayında 50 baz puan faiz artırımıyla beraber bilanço daraltımına başlaması beklenirken ba… https://t.co/bMK14ZPhQE",Wed Apr 06 12:00:03 +0000 2022
Bycoinhunter,@makas_umut @polypadbackup LP trendi biterse piyasa ayıya girmiş demektir. Spotta da kazançlar azalır ve iş zorlaşı… https://t.co/FAotMDwOSa,Wed Apr 06 10:30:24 +0000 2022
Bycoinhunter,"@sefalbayrak61 @polypadbackup Yakında açıklama gelecektir.

Bende 200bin kccpad var ben de bekliyorum dostum.",Wed Apr 06 10:29:05 +0000 2022
Bycoinhunter,"#POLYPAD YARIN LANSMAN GÜNÜ

#KCCPAD ve #TRONPAD daha iyi bir ağ olan #polygon @polypadbackup'de birleşiyor.

🪂Aird… https://t.co/FM9mBZj3a9",Wed Apr 06 10:00:01 +0000 2022
Bycoinhunter,"#Bitcoin EMA ve trend çizgisinden tekrar destek buldu.

48k$ günlük kapanış yapana kadar dar alanda hareket devam e… https://t.co/gcSuqYKme9",Wed Apr 06 09:00:03 +0000 2022
Bycoinhunter,"$ETH 2014 yılında 0.31$ fiyatıyla yatırım topladı.

2021 yılında 4878$ ATH ulaştığında 15735 X'den fazla yapmıştı f… https://t.co/oQP7ngLqUF",Tue Apr 05 22:08:09 +0000 2022
Bycoinhunter,"Gördüğüm en büyük sıkıntı çok sabırsız olmamız.

Kriptoya girerken kendime 4 yıl hedef koymuştum. 4 yıl sonunda baş… https://t.co/f94QK32JRZ",Tue Apr 05 21:55:23 +0000 2022
Bycoinhunter,"BEKLENEN HABER GELDİ

5 Mayıs için @DOTPad_io kesinleşti

$BTC çok bozmazsa, kişisel beklentim ilk 100X+ projenin… https://t.co/uVoOCuoIzC",Tue Apr 05 18:47:46 +0000 2022
Bycoinhunter,"Büyük soru şu:

FED'in Mayıs ayında 50 baz puan faiz artırımıyla beraber bilanço daraltımına başlaması beklenirken… https://t.co/A1BAwhVRd0",Tue Apr 05 13:44:20 +0000 2022
Bycoinhunter,"MicroStrategy $BTC aldı kesin şimdi düşecek hehehehsh(!)

@saylor son alımı hariç 125bin adet #Bitcoin tutuyor ve e… https://t.co/jGFgOldRJu",Tue Apr 05 12:38:59 +0000 2022
Bycoinhunter,RT @eralpbuyukaslan: BTC DESTEK HATTINI KORURKEN KÜÇÜK YATIRIMCI FOMO'SU MU BAŞLIYOR❓👀 https://t.co/ORoC8KDwOw,Tue Apr 05 11:37:20 +0000 2022
Bycoinhunter,#Bitcoin çok sıkıştı yukarı sert hareketlik tam,Tue Apr 05 08:44:55 +0000 2022
Bycoinhunter,@eralpbuyukaslan Dirençten yediği red sanat eseri gibi,Mon Apr 04 14:14:19 +0000 2022
Bycoinhunter,@Huriye40150291 @PolyPadApp @DOTPad_io @paxworldteam @DCapsApp @SparkeraGame @CCASHCitizen @altavagroup… https://t.co/TbfePC6m7z,Mon Apr 04 12:10:33 +0000 2022
Bycoinhunter,"Yakında beklediğim, takibimdeki projeler

 @PolyPadApp 
 @DOTPad_io 
 🔜XXXPad👀
 @paxworldteam 
 @DCapsApp… https://t.co/WBOouZkX12",Mon Apr 04 11:28:00 +0000 2022
Bycoinhunter,RT @eralpbuyukaslan: BTC'DE HAFTALIK KAPANIŞ HENÜZ İSTEDİĞİMİZİ VERMEDİ❗️👀 https://t.co/kV2snuKI3G,Mon Apr 04 10:35:46 +0000 2022
Bycoinhunter,"Binance'de listelenmesini beklediğiniz projeler neler?

Bence $VLX VELAS olabilir. Hala cüzi bir miktar tutuyorum.… https://t.co/CODpI0KcPd",Mon Apr 04 09:40:09 +0000 2022
Bycoinhunter,"Akümüle (toplama) alanıydı ✅

Altcoinler için dip seviyeydi✅

Kurumsalların ortalamasının %5 üzerinden $BTC döndü✅… https://t.co/woLOE15LVk",Mon Apr 04 08:53:36 +0000 2022
Eralpbuyukaslan,Eğer Metamask kullanıyorsanız bu EtherDrops botunu telegramınıza eklemelisiniz dostlar👇 @cryptopioners https://t.co/Ssit00IsvF,Fri Apr 08 18:42:48 +0000 2022
Eralpbuyukaslan,@esatarber Biliyorum korele acmak icin bir kac tane farklı method var ama yayın esnasında en anlasılır olan bir onu… https://t.co/SpWnjHEWXa,Fri Apr 08 16:17:41 +0000 2022
Eralpbuyukaslan,@ChoisecomTurkey 👌,Fri Apr 08 12:22:04 +0000 2022
Eralpbuyukaslan,@cryptopioners @FTX_TR 👀,Fri Apr 08 12:21:46 +0000 2022
Eralpbuyukaslan,"RT @Cryptosocy: ⏰ Eralp Büyükaslan ile Altcoin Analizi programımız bugün saat 16:00'da!

📉 Bu program Pro üyelerimize özel. Katılım linki D…",Fri Apr 08 12:00:23 +0000 2022
Eralpbuyukaslan,"Yeni videomuz YouTube'da yayında👇

NASDAQ &amp; BTC RETEST ❓👀
https://t.co/hnJNd9MshV

#BTC #Bitcoin #ETH #NASDAQ… https://t.co/Z1SNmL5bAg",Fri Apr 08 11:03:07 +0000 2022
Eralpbuyukaslan,@burak_tamac @ki_young_ju @JSeyff 😊,Thu Apr 07 21:40:00 +0000 2022
Eralpbuyukaslan,@KriptoMevsimi @uzmancoin @burak_tamac 🤣,Thu Apr 07 21:38:46 +0000 2022
Eralpbuyukaslan,@burak_tamac @uzmancoin 🙏🙏,Thu Apr 07 21:38:41 +0000 2022
Eralpbuyukaslan,@uzmancoin @burak_tamac O gözlükten bir tane de bana alsana @burak_tamac 😉,Thu Apr 07 19:51:51 +0000 2022
Eralpbuyukaslan,@kivancozbilgic @tr_tradingview @tradingview @Anil_Ozeksi @CryptoErge 👏👏👏,Thu Apr 07 19:45:58 +0000 2022
Eralpbuyukaslan,"RT @uzmancoin: Bitcoin 2022'de beklenen büyük duyurular ne? 

Yazarımız @burak_tamac, Miami'den aktardı",Thu Apr 07 15:15:42 +0000 2022
Eralpbuyukaslan,"Eğer Nasdaq buralardan destek bulursa da bence BTC'nin destek hattını yitirmesinin bir önemi olmayacak, hızlı topar… https://t.co/KoBYSGsgUh",Thu Apr 07 07:14:09 +0000 2022
Eralpbuyukaslan,Nasdaq ve BTC için kritik günlerdeyiz diye düşünüyorum ve BTC hareketini öngörmek için Nasdaq'ın öncelenmesi gerekt… https://t.co/inqR9dV5g9,Thu Apr 07 07:14:08 +0000 2022
Eralpbuyukaslan,Nasdaq'ta bu desteklerin yitirilmesi demek 14300 seviyesinin yitirilmesi demek. Bu seviyenin kaybedilmesi BTC'de de… https://t.co/GwQjQB2fH1,Thu Apr 07 07:14:08 +0000 2022
Eralpbuyukaslan,"Nasdaq da aynı BTC gibi kısa vadeli trendini yitirmemek için artık dönüş yapması gereken destekte. 20MA,50MA ve FİB… https://t.co/uKJGnTCsqy",Thu Apr 07 07:14:07 +0000 2022
Eralpbuyukaslan,#BTC dün aralarındaki korelasyon ile ilgili tweet attığım Nasdaq'ın da baskısıyla bizi 10 gündür üstünde tutan dest… https://t.co/5qPhKVY0PE,Thu Apr 07 07:14:06 +0000 2022
Eralpbuyukaslan,"Hayırlı sabahlar dostlar☀️

Şehir dışında olacağım için ne yazık ki bugün video çekemeyeceğim ama en azından 3 4 tw… https://t.co/0nYBZ2Hy9d",Thu Apr 07 07:14:04 +0000 2022
Eralpbuyukaslan,@Chzemekcisi Gönüle en çok uyan en doğru karardır kardesim iyi etmissin,Wed Apr 06 20:38:30 +0000 2022
Eralpbuyukaslan,@Chzemekcisi Adamsın 👏 bakıyorum takipçilerin de adam 👏 helal olsun,Wed Apr 06 20:29:20 +0000 2022
Cryptosocy,"⏰ Eralp Büyükaslan ile Altcoin Analizi programımız bugün saat 16:00'da!

📉 Bu program Pro üyelerimize özel. Katılım… https://t.co/AGfGy5ZpB4",Fri Apr 08 11:17:56 +0000 2022
Cryptosocy,"Cryptosocy, 7 Nisan 2022 Piyasa Verileri

Üye olmak için 👉 https://t.co/8GIlmavVYh
Discord 👉… https://t.co/C02fOQ2RpK",Thu Apr 07 13:53:00 +0000 2022
Cryptosocy,"RT @CryptoQuant_TR: #QUIZ

Hangi metrik borsalara aktarılan en büyük 10 işlemin toplam BTC miktarını borsalara aktarılan toplam BTC miktarı…",Wed Apr 06 18:32:17 +0000 2022
Cryptosocy,RT @burak_tamac: Bitcoin konferansından herkese selamlar 👋 https://t.co/vRtQ3LPXSn,Wed Apr 06 15:41:34 +0000 2022
Cryptosocy,"Cryptosocy, 6 Nisan 2022 Piyasa Verileri

Üye olmak için 👉 https://t.co/8GIlmael6J
Discord 👉… https://t.co/VxywaK7eZu",Wed Apr 06 10:37:31 +0000 2022
Cryptosocy,"Dünkü Cryptosocy ile Haftaya Bakış canlı yayını şimdi YouTube, Spotify, Apple &amp; Google Podcast'te!

YouTube 👉… https://t.co/gtfdV7WU9g",Wed Apr 06 10:10:00 +0000 2022
Cryptosocy,"RT @burak_tamac: ⚠️MicroStrategy'nin #Bitcoin satması çok büyük bir haber.

Bu gelişmeyi CoinGecko verilerine bakarak yorumlamak bence hata…",Tue Apr 05 19:27:00 +0000 2022
Cryptosocy,"📌Cryptosocy ile Haftaya Bakış yayını bu akşam saat 21:00'de!

Katılmak için linke tıklayın 👇… https://t.co/qJR2HQTWD0",Tue Apr 05 16:13:40 +0000 2022
Cryptosocy,"🔔Bugün 16:00'da Discord kanalımızda Soru Cevap etkinliğimize bekleriz! 

Eğitmenimiz @eralpbuyukaslan sizlerden gel… https://t.co/LB1yQK7jxS",Tue Apr 05 10:02:11 +0000 2022
Cryptosocy,"Cryptosocy, 5 Nisan 2022 Piyasa Verileri

Üye olmak için 👉 https://t.co/8GIlmael6J
Discord 👉… https://t.co/ZEtulYXf1s",Tue Apr 05 08:32:28 +0000 2022
Cryptosocy,RT @eralpbuyukaslan: #NEAR 45% https://t.co/FbNd97KEso,Mon Apr 04 14:16:06 +0000 2022
Cryptosocy,RT @eralpbuyukaslan: #BAKE 110% https://t.co/DjJo0guDvd,Mon Apr 04 14:16:02 +0000 2022
Cryptosocy,RT @eralpbuyukaslan: #CAKE 50% https://t.co/ndnhHdGCxA,Mon Apr 04 14:15:56 +0000 2022
Cryptosocy,RT @eralpbuyukaslan: #MINA 42% https://t.co/Dij00Qekfe,Mon Apr 04 14:15:54 +0000 2022
Cryptosocy,RT @eralpbuyukaslan: #NKN 20% https://t.co/pHI0aFIkME,Mon Apr 04 14:15:50 +0000 2022
Cryptosocy,RT @eralpbuyukaslan: #CASPER 48% https://t.co/27ZdJLWRgD,Mon Apr 04 14:15:47 +0000 2022
Cryptosocy,RT @eralpbuyukaslan: #ALPHA 45% https://t.co/8ITfjVT8in,Mon Apr 04 14:15:44 +0000 2022
Cryptosocy,"RT @eralpbuyukaslan: Cryptosocy @cryptosocy Platformunda her cuma yaptığımız ""Altcoin Analizleri"" programında değerlendirdiğimiz coin/token…",Mon Apr 04 14:15:39 +0000 2022
Cryptosocy,"Cryptosocy, 4 Nisan 2022 Piyasa Verileri

Üye olmak için 👉 https://t.co/8GIlmaeSWh
Discord 👉 https://t.co/GZ2tfggJhl https://t.co/zO85SJMrsn",Mon Apr 04 12:11:18 +0000 2022
Cryptosocy,@utkucanglncehan Evet :),Mon Apr 04 10:32:14 +0000 2022
Cryptokahin,"@MubarizMbariz @Burakzkurt12 Engelledim sevgili dostum boşver:) Hak onuda biliyor benide,var’un sizlerde🙏",Sat Apr 02 20:09:58 +0000 2022
Cryptokahin,Neredeyse tüm altcoinlerde son iki haftadır indikatör haftalık grafikte Turkuaz yaktı ve yükselişlere hepimiz tanık… https://t.co/2bYhtbPDrl,Sat Apr 02 20:01:12 +0000 2022
Cryptokahin,Ancak gözlemlerim en sağlıklı çalışan verisi “haftalık grafiklerde Turkuaz ile al sinyali verdiği veridir.Diğer ver… https://t.co/h0DIlpSwNJ,Sat Apr 02 20:01:11 +0000 2022
Cryptokahin,"İndikatör “0” değeri altında ve üstünde hareket eden,hem bir trend hemde hacim indikatörüdür.Trend değişimlerinde h… https://t.co/6XdL0wmPFY",Sat Apr 02 20:01:09 +0000 2022
Cryptokahin,İndikatör ismi aşağıda tradingview de aratıp bulabilirsiniz. https://t.co/ajXyJfdrxM,Sat Apr 02 20:01:08 +0000 2022
Cryptokahin,"ARAÇLAR
*Trandingview 

KURALLAR
*Sadece “haftalık” grafiklerde Turkuaz al sinyali için kullan. https://t.co/hdAqZmuup2",Sat Apr 02 20:01:07 +0000 2022
Cryptokahin,#BTC #Altcoin Merhaba değerli dostlarım.Bugün sizler ile “haftalık” grafiklerde alım yaparken grafiklerinizi veya b… https://t.co/l6Z6MbjaUF,Sat Apr 02 20:01:05 +0000 2022
Cryptokahin,Genellikler bu gibi dip çalışmaları aşağı yönlü anlık iğneler ve hızla geri toplamalar ile kafa karışıklığı oluştur… https://t.co/Du97Ze93dI,Fri Apr 01 04:06:04 +0000 2022
Cryptokahin,#BTC Günaydın değerli dostlarım.Teknik olarak CME Gapı kapandı.Osilatör ve indikatörlerinde hacim dengelemesi için… https://t.co/IDSSFEOLm5,Fri Apr 01 04:06:02 +0000 2022
Cryptokahin,"Değerli dostlarım yayın koptu özür dilerim🙏İlk yayınımdı ve açıkcası heyecanlı idi,umarım faydalı bir yayın olmuştu… https://t.co/F4lGX3dvTT",Thu Mar 31 17:38:34 +0000 2022
Cryptokahin,@C0mBatanTr Eğitsel anlamda bişeyler katabiliyorsam ne mutlu bana🙏Desteğiniz için teşekkürler değerli dostum🙏Sevgiler💐,Thu Mar 31 15:59:44 +0000 2022
Cryptokahin,"@se4filod Estağfirullah değerli dostum🙏Aslında hepsi çok kıymetli insanlar,kimi emeğine bir bedel biçerek ki bu en… https://t.co/hlNINLRYVW",Thu Mar 31 15:41:52 +0000 2022
Cryptokahin,"@Erhann50 Açıkcası yazarken bir kaç defa düşündüm değerli dostum.Çok sabırlı,sakin bir yapıya sahibimdir.Fakat öyle… https://t.co/rRkqR7In6I",Thu Mar 31 15:28:48 +0000 2022
Cryptokahin,@atlanticol Yüzünüzden gülücükler eksik olmasın değerli dostum:),Thu Mar 31 15:25:36 +0000 2022
Cryptokahin,Böylesi paylaşımlar ile rahatsızlık verdiğim değerli dostlarımdan özür diliyorum🙏Hepinize huzurlu akşamlar diliyorum.Sevgiler💐,Thu Mar 31 15:07:43 +0000 2022
Cryptokahin,"Bir insan şayet bir insandan hoşnut değil ise,o insanın kendisine zarar verdiğini düşünüyor ise o insan ile yolları… https://t.co/sipnDS8lsC",Thu Mar 31 15:07:43 +0000 2022
Cryptokahin,"Ben her soruya verilebilecek,temel ve teknik donanıma sahibim.Ancak karşımda ki ne kadar anlar bu onun problemi.Siz… https://t.co/Bi0zAUcaiv",Thu Mar 31 15:07:42 +0000 2022
Cryptokahin,Ben başarımın oranına bakarım.Yahu benim gelecekten geldiğimi felan mı düşünüyorsunuz.Saniyesi saniyesine bilsem ne… https://t.co/5yGTK5wgOO,Thu Mar 31 15:07:41 +0000 2022
Cryptokahin,"Bazı montofon inekleri özelimde yine saldırgan tavırlar sergilemişler.Şöyle bir etrafınıza bakın,bu düşün gününü bi… https://t.co/PSjj6hbhge",Thu Mar 31 15:07:41 +0000 2022
Cryptokahin,Altcoinlerin 4 saatlik grafiklerde Depresyon-Fake-Down kur davranışı gözlemlenmekde şuanda Down alanında buda gece… https://t.co/2yTzwhtfQa,Thu Mar 31 15:07:40 +0000 2022
Rovercrc,GOOD MORNING #CRYPTO ☕️🐻,Sat Apr 09 07:12:20 +0000 2022
Rovercrc,BUY THE #BITCOIN DIP,Fri Apr 08 21:20:20 +0000 2022
Rovercrc,"ALL MY ORDERS ARE GETTING FILLED! 

I am DCA’ing into #Bitcoin every day!",Fri Apr 08 20:39:48 +0000 2022
Rovercrc,"RT @TheRealPlanC: For the 4th time in #Bitcoin's history we have entered the green zone. 

The last 3 times this occurred the #BTC bottom w…",Fri Apr 08 20:34:58 +0000 2022
Rovercrc,"Today I bought an additional 1,000 #LINK! 🚀 https://t.co/6quitqkhiW",Fri Apr 08 19:55:00 +0000 2022
Rovercrc,FASTEN YOUR SEATBELTS. #BITCOIN IS ABOUT TO LEAVE!🚀 https://t.co/BkPBs2yf2t,Fri Apr 08 19:27:00 +0000 2022
Rovercrc,"#BITCOIN HAS TO HIT $50,000 IN APRIL, OR I WILL GIVE $2,500 TO ONE LUCKY FOLLOWER!",Fri Apr 08 19:03:00 +0000 2022
Rovercrc,#Bitcoin is close to its reversal! https://t.co/9fjupa4J6p,Fri Apr 08 18:37:00 +0000 2022
Rovercrc,"I WILL NEVER SELL MY #BITCOIN BELOW $100,000!",Fri Apr 08 18:11:00 +0000 2022
Rovercrc,I JUST BOUGHT MORE #BITCOIN 🚀,Fri Apr 08 17:45:08 +0000 2022
Rovercrc,BULLISH! https://t.co/0QeGA1gv0M,Fri Apr 08 17:33:18 +0000 2022
Rovercrc,https://t.co/rPEKk8OieR,Fri Apr 08 17:20:00 +0000 2022
Rovercrc,#Bitcoin Bullish MACD Cross 4h. https://t.co/V8nQmzy0an,Fri Apr 08 16:48:39 +0000 2022
Rovercrc,#BITCOIN MARKET REVERSAL INCOMING! 🔥 https://t.co/O0F33UkZoI https://t.co/sb8vex59az,Fri Apr 08 16:45:57 +0000 2022
Rovercrc,"Likely #Bitcoin scenario.

A bullish divergence in a W indicates a high probability for a breakout to the upside fo… https://t.co/pXJKQSBAym",Fri Apr 08 16:43:24 +0000 2022
Rovercrc,"I SEE A MAJOR OPPORTUNITY ON #BITCOIN NOW!

❤️ to find out!",Fri Apr 08 16:33:20 +0000 2022
Rovercrc,It's a matter of time before Apple adopts #Bitcoin,Fri Apr 08 15:53:42 +0000 2022
Rovercrc,"RT @rovercrc: No one is paying attention to this #Bitcoin market Structure! 

Check it now (Investing in yourself is the best investment to…",Fri Apr 08 15:42:16 +0000 2022
Rovercrc,#Bitcoin Bouncing of Weekly Support! 🔥 https://t.co/q8JOWw2OjQ,Fri Apr 08 15:25:55 +0000 2022
Rovercrc,ALL #BITCOIN BEARS WILL GET WRECKED!! 🐻🔫,Fri Apr 08 14:59:06 +0000 2022
Duffytrader,@gulhanaydos küsmeyin lütfen bak oda size küser olmaz öyle 😅,Fri Apr 08 22:38:58 +0000 2022
Duffytrader,@1463Kadir küsmek olmaz,Fri Apr 08 22:38:33 +0000 2022
Duffytrader,@bygokcebey @ZL_Y_SM Satırbaksa gidecek kadar zengin olamadık daha be,Fri Apr 08 22:30:03 +0000 2022
Duffytrader,"RT @westkripto: 1 kişiye 250₺ 🔥

❤️ Opensea hesabınızla NFT’yi favorilere ekle 👇
https://t.co/dOqtaoHpac

👉 RT &amp; FAV 

Sonuçlar yarın akşam…",Fri Apr 08 22:12:49 +0000 2022
Duffytrader,@dijital_kripto @TobbyKitty @CryptoErge @KarasuFt @CryptoChille @WolfMS_ @CryptoGenzo @GokhanGark @EylemCulculoglu… https://t.co/InjMkZzo6j,Fri Apr 08 22:04:06 +0000 2022
Duffytrader,Çekiliş Videosu https://t.co/1CN1tvYgQx,Fri Apr 08 22:02:33 +0000 2022
Duffytrader,"@YieldHuntAVAX Winners 🏆
35$ (500₺) Kazanan • @muskafa35

#NFT Kazanan • @CRYPTOMUSA04

Nft kazanan dostum lütfen… https://t.co/3YhNBrWDgG",Fri Apr 08 22:00:11 +0000 2022
Duffytrader,İnananlar ordusu olarak bu gece de burdamıyız . Kimler #Bitcoin 'in başını bekliyor ?,Fri Apr 08 21:55:45 +0000 2022
Duffytrader,#Bitcoin Hareketlerin hiç hoşuma gitmiyor hacim yetersiz hafta sonuna giriyoruz bakalım önceki twitte belirttiğim k… https://t.co/AiOZKosyta,Fri Apr 08 21:17:35 +0000 2022
Duffytrader,@coinhunt03 Afiyet olsun 😇,Fri Apr 08 21:08:21 +0000 2022
Duffytrader,@MuratKa60678455 @coinhunt03 Çekilişi otomatik site yapıyor dostum buradan hatta kontrol linkide bırakıyorum içiniz… https://t.co/SfsPMRi1DQ,Fri Apr 08 21:07:24 +0000 2022
Duffytrader,"Winner 🏆: @coinhunt03 DM Bekliyorum dostum . 😇🔥

✔️ https://t.co/1mRscdb0Nu",Fri Apr 08 20:59:34 +0000 2022
Duffytrader,@kriptoBurju @borsaressami 😅😅,Fri Apr 08 20:50:36 +0000 2022
Duffytrader,@kriptoBurju @borsaressami https://t.co/Iym8zsdWh2,Fri Apr 08 20:45:45 +0000 2022
Duffytrader,@westkripto #btc bile bu kadar zorlanmadı direnç kırarken 😇,Fri Apr 08 20:29:45 +0000 2022
Duffytrader,"@YieldHuntAVAX ▶️35$ Kazananı ben vereceğim 
#NFT Kazanan kişi ödülünü mint tarihinde projeden alacaktır bilginize .",Fri Apr 08 19:25:24 +0000 2022
Duffytrader,"@HeroesOnAvax ▶️50$ Kazananı ben vereceğim 
#NFT Kazanan kişi ödülünü mint tarihinde projeden alacaktır bilginize .",Fri Apr 08 19:24:23 +0000 2022
Duffytrader,@Losko0631 davşan ?,Fri Apr 08 18:51:19 +0000 2022
Duffytrader,"Bu ve Son 10 Twite RT LİKE yapan bir dostuma 100 #Trx verelim .

Süremiz 2 saat 00:00'da açıklanır . #btc #avax #BitcoinButton #altcoin",Fri Apr 08 18:50:17 +0000 2022
Duffytrader,Proje hakkında detaylı bilgi ve #Nft ile nasıl inanılmaz paralar kazanabileceğiniz hakkında bilgileri buradan ulaşa… https://t.co/R879LlOxr9,Fri Apr 08 18:30:14 +0000 2022
Jesscoin,@zgr07247266 @pera_sma ❤️,Fri Apr 08 21:07:33 +0000 2022
Jesscoin,@hakan79344342 @pera_sma ❤️,Fri Apr 08 21:03:44 +0000 2022
Jesscoin,@Geldeyasa_63 @pera_sma ❤️,Fri Apr 08 21:00:42 +0000 2022
Jesscoin,@Geldeyasa_63 @pera_sma Hesaplarında var cano.,Fri Apr 08 20:56:27 +0000 2022
Jesscoin,Can dostlarım çok az süresi kalan Pera bebeğimiz için Gönlünüzden ne geçerse 50 lira 100 lira demeden yardımda bulu… https://t.co/CMV0Q143mU,Fri Apr 08 20:55:39 +0000 2022
Jesscoin,"@btc_magazin Cansın sen, hiç güleceğim yoktu.😅🤤",Fri Apr 08 20:29:17 +0000 2022
Jesscoin,@alejandiro24 @elonmusk @teslaownersSV 💪🏼,Fri Apr 08 20:26:08 +0000 2022
Jesscoin,@uzak43 @Binance_Turkish Israr edin gönderirler. :),Fri Apr 08 20:25:39 +0000 2022
Jesscoin,@Geldeyasa_63 @elonmusk @teslaownersSV İnşallah tekrar başlamazsın rune ye.,Fri Apr 08 20:24:30 +0000 2022
Jesscoin,@unicornaga @Binance_Turkish @cz_binance @binance @BinanceTR Ben fotoyu güzel çektim cano. 🥰,Fri Apr 08 20:24:05 +0000 2022
Jesscoin,@elonmusk @teslaownersSV Bir defa da $GRT de lan hırsız.,Fri Apr 08 20:22:21 +0000 2022
Jesscoin,@btc_magazin 😅,Fri Apr 08 20:20:14 +0000 2022
Jesscoin,@UmutFra56971380 Deli 😉,Fri Apr 08 20:10:14 +0000 2022
Jesscoin,@McahitYaa1 Türkçe karakter kullanamazsın. Büyük I yazman lazım,Fri Apr 08 20:08:17 +0000 2022
Jesscoin,@KriptoFati Afiyet olsun 😋,Fri Apr 08 20:07:40 +0000 2022
Jesscoin,@btc_magazin 😅,Fri Apr 08 20:07:21 +0000 2022
Jesscoin,@ayazyedek2 @btc_magazin Fazla piyasaya bakamıyorum. Gün geçmiyorum yoğun olmayayım. Tam toparladım derken başka bir yoğunluğum çıkıyor.,Fri Apr 08 20:07:05 +0000 2022
Jesscoin,@unicornaga @Binance_Turkish @cz_binance @binance @BinanceTR Taktın he :),Fri Apr 08 20:06:25 +0000 2022
Jesscoin,@btc_magazin Sen tatlı bir fenomensin ama 🥰,Fri Apr 08 20:06:06 +0000 2022
Jesscoin,@btc_magazin Cidden bizim suçumuz ne ?,Fri Apr 08 20:04:45 +0000 2022
Milyonerzihin,"🥳 Çekilişimiz sonucu 50$ kazanan takipcilerimi tebrik ederim🥳
@ender91461059 🤟
@srcnylmz811 🤟
@Koyincic 🤟
@xlapacix… https://t.co/SUgO2ldP2L",Mon Apr 04 08:09:52 +0000 2022
Milyonerzihin,"🥳Çekiliş sonucu 25$ kazanan takipcilerimi tebrik ederim🥳
@ChainKripto 🤟
@buurak_eth 🤟
@novtella 🤟
@Heyyaksi 🤟… https://t.co/4WbEsoQTtQ",Mon Apr 04 07:59:31 +0000 2022
Milyonerzihin,"RT @cryptofurkan_: Bu videoyu izle ✅
Storyde paylaş ✅
Video ile alakalı anlamlı bir yorum yap ✅

Yorumlardan en hoşuma giden 10 kişiye 500₺…",Thu Mar 31 16:13:33 +0000 2022
Milyonerzihin,"RT @bycoinhunter: #DOTPAD REKOR ÇEKİLİŞ

Yüzlerce X beklenen projede yer almak ister misin❓

1⃣ Takip et &gt; @BlueZillaVc ve @DOTPad_io 
2⃣ K…",Wed Mar 30 18:46:57 +0000 2022
Milyonerzihin,Efsane serisi #altcoin tarlamız için yeni bir ekin buldum. Kimler istiyor? :),Wed Mar 30 16:16:03 +0000 2022
Milyonerzihin,@LogarCrypto @thearreatsummit @bycoinhunter @vemutlu @cryptofurkan_  👍✅😃,Tue Mar 29 11:30:19 +0000 2022
Milyonerzihin,RT @LogarCrypto: Anlık @milyonerzihin hocamın beni takip ettiğini görünce sayfaya karşı ben; https://t.co/dj6xI9dKgw,Tue Mar 29 11:28:29 +0000 2022
Milyonerzihin,"Selam yoldaşlar😏
#Altcoin'ler derin düşüşün henüz sadece geri tepkisini aldılar.
#Bitcoin terso yapmazsa daha çoooo… https://t.co/gi2BPYEQzE",Mon Mar 28 10:36:21 +0000 2022
Milyonerzihin,@hasanmez18 @umutak47shawty Mesihimizi followla bro,Fri Mar 25 18:19:48 +0000 2022
Milyonerzihin,#Seedify üzerinden ön satışına katıldığım ⚡️@SupernovaVerse⚡️ $LFC bugün TSİ saat 16:00'da @PancakeSwap'da listelen… https://t.co/JXvvluuzHD,Fri Mar 25 12:17:59 +0000 2022
Milyonerzihin,"@solucanjelibon2 Reef, BLZ",Wed Mar 23 22:42:57 +0000 2022
Milyonerzihin,"$DUSK ve $LRC'nin grafiğini açıp biraz inceleyin. $BLZ de aynısını yapacak✅
Bu kış verdiğim listeye ve önceden tek… https://t.co/mbuSv8ji6D",Wed Mar 23 22:28:36 +0000 2022
Milyonerzihin,@MavikatYasir ONT uzun vade cok bekletecek. Onun yerine şuanki fiyattan Reef diyorum.,Wed Mar 23 22:22:09 +0000 2022
Milyonerzihin,@girisimci16 Bütce azsa Reef ve BLZ ye böl,Wed Mar 23 22:21:04 +0000 2022
Milyonerzihin,@subjektifweb1 Geçen takıldık öyle selamı var,Wed Mar 23 22:19:01 +0000 2022
Milyonerzihin,"$MIR, $ALPACA, $UTK, $EPS de çantamda var ama ekleme yapmadım çünkü bu listedeki altcoinler kadar diplerde değiller.",Wed Mar 23 22:18:26 +0000 2022
Milyonerzihin,"Easy Money Loading...🔥
Aşağıdaki #Binance #altcoin sepetime şuanki güncel fiyatlarından ciddi miktarda eklemeler ya… https://t.co/PcVVEeivgl",Wed Mar 23 22:16:52 +0000 2022
Milyonerzihin,"Yeni Proje 🔥@SupernovaVerse🔥 

24 Mart'ta @SeedifyFund'da ön satışa katılacağım✅

🔥Mcap: $513K
💵IGO Fiyatı: $0.30
🔒… https://t.co/gfodDHIgKf",Wed Mar 23 11:13:31 +0000 2022
Milyonerzihin,@umutak47shawty 🔥🔥🔥,Mon Mar 21 20:56:59 +0000 2022
Milyonerzihin,"⚡️@iotexPad⚡️ TSİ 12:00’de @mimoprotocol ve @PancakeSwap’da işleme başlayacak🔥
Mcap 285k$ 🔥
IDO fiyatı 0.10$ 👍
🔽🥳RT… https://t.co/uPzb0Atwgr",Mon Mar 21 08:39:00 +0000 2022
MoneyKripto,"#Cardano düştükçe ekliyorum. Sonumuz iyi olur umarım.

Ortalamam 1.20 USD 

Haziran ayında Vasil Hardfork'u var. Onu bekleyeceğim. $ADA",Fri Apr 08 23:30:21 +0000 2022
MoneyKripto,@TradeWars_10 #dexalot :),Fri Apr 08 23:21:25 +0000 2022
MoneyKripto,@Neuroticbiri 🙏,Wed Apr 06 21:10:48 +0000 2022
MoneyKripto,"Karim Benzema bir coin olsaydı adı ne olurdu? 

Bence #Ethereum 😎 https://t.co/MwRyXcHbWe",Wed Apr 06 21:06:21 +0000 2022
MoneyKripto,@TradeWars_10 Edit sekmesi gibi bir şey olur. Düzenlenen yazı görülebilir.,Tue Apr 05 22:09:55 +0000 2022
MoneyKripto,"@TradeWars_10 1 Dolar olacak demedim, 1 Cent olacak dedim ben 😅 ne güzel editlerler😂",Tue Apr 05 22:01:34 +0000 2022
MoneyKripto,@KriptoData E bu bildiğin vesikalık fotoğrafın siyah beyaz fotokopisi🤔😅,Tue Apr 05 21:30:40 +0000 2022
MoneyKripto,@TradeWars_10 🤔,Tue Apr 05 18:35:37 +0000 2022
MoneyKripto,@KriptoData 🤔,Mon Apr 04 21:18:42 +0000 2022
MoneyKripto,Elon Musk #Doge'den kazandıklarıyla Twitter hisse mi almış? 🤔,Mon Apr 04 20:42:43 +0000 2022
MoneyKripto,@TradeWars_10 @TraderDerya 👏🤓,Mon Apr 04 19:16:31 +0000 2022
MoneyKripto,@KriptoData 👏👏,Mon Apr 04 10:57:06 +0000 2022
MoneyKripto,@TradeWars_10 @TraderDerya @SelmaTa00 @cryptoiplikci @NearAcademy Hayırlı olsun 👏,Sun Apr 03 16:42:06 +0000 2022
MoneyKripto,@navyinvestors 💥💥💥,Sat Apr 02 17:05:56 +0000 2022
MoneyKripto,@coin_kulubu Reziller,Fri Apr 01 21:19:07 +0000 2022
MoneyKripto,@navyinvestors https://t.co/EiPR0QFxSn,Fri Apr 01 17:11:58 +0000 2022
MoneyKripto,@FantomFDN @Hyperjump_fi Hyperjump is a scam.  Slow scam.  The money of those who invested 3000 dollars is currentl… https://t.co/VAoP9zDlWV,Thu Mar 31 02:06:28 +0000 2022
MoneyKripto,@MakkoBarto 😅😅😅,Wed Mar 30 13:58:54 +0000 2022
MoneyKripto,@KriptoData https://t.co/0xv1J84x50,Wed Mar 30 13:47:17 +0000 2022
MoneyKripto,"“Bir #Avax bir de #Cyce var, globalleşecek.”

— Sir Hasan Karaozan https://t.co/tMcUGlEIxR",Wed Mar 30 11:28:58 +0000 2022
Mgokhanduman,"#BTC güncel

Takip ettiğim destek ve dirençler https://t.co/F6gNCrVrbw",Fri Apr 08 18:31:55 +0000 2022
Mgokhanduman,"Kucoin

Kişi başı 10$ ve extra 5-20$ bonus kazanmak isteyenler için yarın son gün.. 

Üye olmak için:… https://t.co/yLHHOx6h1R",Fri Apr 08 08:37:50 +0000 2022
Mgokhanduman,@smilazm61473197 @kr52120990 https://t.co/qNVAwxS0tL,Thu Apr 07 17:26:06 +0000 2022
Mgokhanduman,@smilazm61473197 @kr52120990 Aynen dostum https://t.co/DPtOGlVs0C,Thu Apr 07 17:25:30 +0000 2022
Mgokhanduman,@zeynepdenbiri @borsaressami Dayı bizi solladı gitti 😒,Thu Apr 07 15:24:37 +0000 2022
Mgokhanduman,@KuCoinTurkey Teşekkür ederim 😂😂,Thu Apr 07 10:09:18 +0000 2022
Mgokhanduman,Şeytan ayrıntıda gizli 😎 https://t.co/3HxjtQu0WI,Thu Apr 07 09:47:07 +0000 2022
Mgokhanduman,@kr52120990 @omerdemircrypto Tamamdır Şükrü bey 🙏🏻🙏🏻 teşekkür ederim,Thu Apr 07 09:18:45 +0000 2022
Mgokhanduman,"@omerdemircrypto Herkes kendinden sorunlu, inan hiç takmıyorum Ömerim.",Thu Apr 07 09:16:15 +0000 2022
Mgokhanduman,"İlk ben duyup, duyar duymaz twit attım. 
Tek yiyen tek ölür. $CEEK Dünden bugüne %35 yükseldi. https://t.co/LBDwOR9OGd",Thu Apr 07 09:13:29 +0000 2022
Mgokhanduman,@ali_crypto01 https://t.co/n3MflhpbNJ,Thu Apr 07 09:06:39 +0000 2022
Mgokhanduman,@Crypto_METAA https://t.co/qYUtiEgUbU,Thu Apr 07 09:06:25 +0000 2022
Mgokhanduman,$CEEK Kucoin listelenme haberi geldi ✌🏻,Thu Apr 07 09:02:40 +0000 2022
Mgokhanduman,Huobide listeleneceği haberi gelen $CEEK 🎶 https://t.co/Z126T7TVmF,Wed Apr 06 09:25:24 +0000 2022
Mgokhanduman,"#BTC update

Destek ve direnç seviyelerini grafik üzerinde belirttim.

RSI destek seviyesi 53 olarak takip edebilir… https://t.co/nm5kdZAnAG",Tue Apr 05 21:01:44 +0000 2022
Mgokhanduman,"$DEVO

Demo versiyon 1 yayınlanmış.
Önümüzdeki günlerde güncellemeler gelecekmiş.
Detaylı bilgi için aşağıdaki sayf… https://t.co/7IuWCHgxj4",Tue Apr 05 20:57:51 +0000 2022
Mgokhanduman,Bende diyorum bu #BTC niye düştü. Saylar BTC aldığını açıklamış :) https://t.co/oP0DqXEVKC,Tue Apr 05 14:38:25 +0000 2022
Mgokhanduman,"RSI değerleri 70'in üzerinde bulunan coinler

1) $PYR 81.57
2) $BNX 80.55
3) $CELO 77.76
4) $VIB 77.75
5) $COTI 76.… https://t.co/JTrbNqYO6K",Tue Apr 05 12:39:16 +0000 2022
Mgokhanduman,En son @chainlink ile ortaklık yapan $Devo güzel bir gelişim sağlamıştı. Bununla alakalı bir takipçisinin mesajına… https://t.co/HxMzS5kSBB,Tue Apr 05 12:33:08 +0000 2022
Mgokhanduman,"#FLOKI sözlemesinde
Blacklist işlevinin iptal edilmeye başlandığını duyurmuş. 

$FLOKI sözleşmesinde yer alan Black… https://t.co/JNq1adJ5bz",Tue Apr 05 12:25:14 +0000 2022
CoinnCorner,#HamsterCoin Bu nasıl mumdur ya. @elonmusk tek tweet de 2x yaptırdı resmen. https://t.co/5e7ExO48Mb,Fri Apr 08 20:00:19 +0000 2022
CoinnCorner,"#Rats insan mıyız?? @ratscoinx1000 
Bu nasıl bir hype bu nasıl bir fomo?
Soluksuz günlerdir yükseliyor.
Elimde var… https://t.co/WxgLYOvdJD",Fri Apr 08 19:06:47 +0000 2022
CoinnCorner,Beğenilerden rasgele IBAN isteyeceğim 🖤,Fri Apr 08 18:31:18 +0000 2022
CoinnCorner,"#BTC ne yapmak istemektedir?
Pump-Dump nereye varmak istemektedir?
Kimlere hizmet etmektedir?",Fri Apr 08 18:16:59 +0000 2022
CoinnCorner,@yuvayayol7 @eamasalla Kapatmış az önce açıktı. Hesabı açsın tekrar kontrol ederiz.,Fri Apr 08 18:05:45 +0000 2022
CoinnCorner,"RT @CoinnCorner: Ödül Etkinliği 🎉

💰1 Kişiye 500 #Ceek 
💰1 Kişiye 12.000.000 #shiba 

Şartlar👇

👉@CoinnCorner ve @cryptowolve_s  takip et,…",Fri Apr 08 18:02:47 +0000 2022
CoinnCorner,@eamasalla Tebriklerr. Yeni etkinlik az sonra geliyorr,Fri Apr 08 18:01:42 +0000 2022
CoinnCorner,Yeşil mum yine bildiğimiz isimden geldi. Tesla #Bitcoin mining sistemleri için yeni ortaklıklar peşinde. https://t.co/9H3io4CRsC,Fri Apr 08 15:21:25 +0000 2022
CoinnCorner,"RT @lotascapital: 🪐#Metaverse Dünyasının Adından Çokça Söz Ettiren #Kripto Varlığı Ceek'ten Efsanevi Yükseliş!

🏆#CEEK Fiyatı Hangi Gelişme…",Fri Apr 08 15:14:47 +0000 2022
CoinnCorner,"RT @akzadetrader: - 1.355 DOLAR -

İlk işlemimizden kazancımızı aldık !

İşlem ve analizleri anlık olarak paylaştığım kanalıma katılmak içi…",Fri Apr 08 14:45:31 +0000 2022
CoinnCorner,"RT @cryptowolve_s: Amerikan Borsaları açıldı 

Nasdaq: -%0.50
Dow Jones: -%0.04
S&amp;P 500: -%0.10",Fri Apr 08 14:00:47 +0000 2022
CoinnCorner,Ah #Bitcoin ah. Bu hikaye böyle bitemez sepetimiz full dolu😀,Fri Apr 08 13:27:47 +0000 2022
CoinnCorner,"#Gateio Borsası bugün saat 16:00 da $EGS @EdgeSwap listeliyor.

Market ve fiyat bilgisini bulunmamaktadır. 
İlk lis… https://t.co/nVZskWkLTN",Fri Apr 08 10:55:22 +0000 2022
CoinnCorner,RT @lotascapital: 🚨#Bitcoin'de Kırılım Gerçekleşti! Hafta Sonu Öncesi Yaşanan Bu Atakla Beraber Boğalar Piyasaya mı İniyor?Yeni Yükseliş Tr…,Fri Apr 08 10:12:05 +0000 2022
CoinnCorner,"#Gateio Borsası bugün saat 15:00 de $HSF @hillstoneFin listeliyor.
Anlık Fiyat: $6.72
Listeli Borsalar: #MEXCGlobal… https://t.co/HqeW54YqSv",Fri Apr 08 08:04:05 +0000 2022
CoinnCorner,"Günaydın dostlar, hayırlı cumalar bol kazançlar dilerim",Fri Apr 08 07:11:51 +0000 2022
CoinnCorner,"Ölümünün 18. Sene-i Devriyesi'nde, İstanbul sefiri Süleyman Çakır'ı saygı ve rahmetle anıyoruz.

 https://t.co/pm9ONke9cu",Thu Apr 07 22:09:22 +0000 2022
CoinnCorner,"Beğenilerden rasgele IBAN isteyeceğim
(Bu sefer gerçek)",Thu Apr 07 20:22:49 +0000 2022
CoinnCorner,"Ödül Etkinliği 🎉

💰1 Kişiye 500 #Ceek 
💰1 Kişiye 12.000.000 #shiba 

Şartlar👇

👉@CoinnCorner ve @cryptowolve_s  tak… https://t.co/L8YWymUiet",Thu Apr 07 18:23:28 +0000 2022
CoinnCorner,"Katılmayan varsa katılsın dostlar. 50$ varlık ile bilet hakkı kazanabilirsiniz.

Kayıt👉 https://t.co/cfBWKSHprQ https://t.co/cpgEvsxCbY",Thu Apr 07 17:18:36 +0000 2022
Borsaressami,@KriptoCeyx ☺️☺️☺️,Fri Apr 08 22:55:44 +0000 2022
Borsaressami,"Evet piyasaya daldık yine herseyi unuttuk☺️

Cümleten hayırlı sahurlar diyelim o zaman 🙌 https://t.co/atTkFbJJII",Fri Apr 08 22:43:59 +0000 2022
Borsaressami,"Bunu iyi yerde kapadık harbiden.

Sonra yine rahat duramadıkta ☺️☺️ https://t.co/w8wLMIAZZI",Fri Apr 08 22:29:53 +0000 2022
Borsaressami,@kriptoceyda @consnovvvv @KriptoHBA ☺️☺️oda ayrı bir olay ama adam 40k olmuş bu yöntemle,Fri Apr 08 22:16:58 +0000 2022
Borsaressami,@kriptoceyda @consnovvvv @KriptoHBA Tam dolandırıcı ya,Fri Apr 08 22:03:57 +0000 2022
Borsaressami,@TobbyKitty Bugün aklımdan geçmişti bence on numara fikir 👍,Fri Apr 08 21:59:59 +0000 2022
Borsaressami,@emirhancmrra Eyvallah 🔥,Fri Apr 08 21:02:00 +0000 2022
Borsaressami,🔥🔥🔥☺️ https://t.co/I1DdDPom8Y,Fri Apr 08 20:59:20 +0000 2022
Borsaressami,@kriptoBurju Fare sevmem ben kedi beslerim ☺️☺️,Fri Apr 08 20:37:03 +0000 2022
Borsaressami,Ya biz burda iki işlem için k…mızı yırtarken bir tane grafik atmayıp uçuk kaçık ve kesin hedefler verenlere şaşıyor… https://t.co/giPxkr2kPy,Fri Apr 08 20:35:00 +0000 2022
Borsaressami,#btc Kısa bir Long denemiştik ben kapadım ve izlemede kalıcam. https://t.co/CWRKpt6qVK,Fri Apr 08 18:49:05 +0000 2022
Borsaressami,@Seda92073936 Amin,Fri Apr 08 18:47:43 +0000 2022
Borsaressami,"Aynen oyle hocam Allah can sağlığı versin hersey yerine gelir.
O anki psikoloji ile bazen idrak edemiyoruz bazı şey… https://t.co/oFmLL67Jja",Fri Apr 08 18:47:18 +0000 2022
Borsaressami,"Arkadaslar böyle mesajlar atıp beni üzmeyin lütfen
Hiçbirşey sizin varlığınızdan değerli değildir ve siz bu sekilde… https://t.co/rP83gaB370",Fri Apr 08 18:41:10 +0000 2022
Borsaressami,@kerimcalender Bende alıcam ama  stake etmek için bakalım 🤔,Fri Apr 08 18:13:58 +0000 2022
Borsaressami,"RT @kriptokrali_: Selamlar arkadaşlar, çekiliş kazananlarını videolu şekilde açıkladık. 

Daha büyük çekilişler gelecek, şimdilik tebrikler…",Fri Apr 08 18:11:17 +0000 2022
Borsaressami,"#KNC beni biraz stop etsede kademeli sattım birazını ama bu arkadasa baya yaramış instagramsan mesaj atmış 
ne güze… https://t.co/f5W2oQkDlz",Fri Apr 08 17:47:04 +0000 2022
Borsaressami,#moonxbt borsasının düzenlemiş olduğu çekilişe katılmak isterseniz alıntıladığım twitteki formu doldurabilirsiniz.… https://t.co/MT6jdW6EzR,Fri Apr 08 17:33:22 +0000 2022
Borsaressami,Ne güzel faydamız olduysa 🙌 https://t.co/xibgW1WzPp,Fri Apr 08 16:19:50 +0000 2022
Borsaressami,"Çekiliş sonucu bugün açıklanacak arkadaşlar.
Katılmayan arkadaslar şansını deneyebilir. https://t.co/oiHVdIoSk1",Fri Apr 08 16:18:27 +0000 2022
HASOsyalmedya,@gmgiray çayımı aldım whatsap'tan tüm aralamalara açığım,Fri Apr 08 22:06:33 +0000 2022
HASOsyalmedya,@apobozan21 @gmgiray sevmem brom ağır geliyor,Fri Apr 08 22:04:13 +0000 2022
HASOsyalmedya,@gmgiray 🍼🍼 çayın var mı,Fri Apr 08 22:03:14 +0000 2022
HASOsyalmedya,@yunuzbey Evet Yunus düşüş düşündüğümden daha diri ilerliyor bu yüzden Telegram ses kayıtlarına bak anlattım,Fri Apr 08 21:37:47 +0000 2022
HASOsyalmedya,@Aslan03675007 Süreci izliyorum abi istediğim o düşüş durgunluğunu göremedim daha,Fri Apr 08 21:36:53 +0000 2022
HASOsyalmedya,@kriptoceyda tşk ceyda,Fri Apr 08 21:32:50 +0000 2022
HASOsyalmedya,@omerdemircrypto btc alım seviye mi telegram kanal sayısıyla sunucam.,Fri Apr 08 21:32:01 +0000 2022
HASOsyalmedya,@nhtctnk 11-12 Nisan'a kadar kaç K olursa oradan #btc alımına geçiyorum.,Fri Apr 08 21:31:39 +0000 2022
HASOsyalmedya,"Telegram kanalımız 40 k olmuş. #btc ye bir mesaj mı bu. (: Eğitimsel içerikler sunarak , analiz ve ses kayıtlarıyla… https://t.co/7HytbxHCwb",Fri Apr 08 21:28:46 +0000 2022
HASOsyalmedya,@HYildurim Şarkıyı bir daha dinle derim...,Fri Apr 08 18:15:00 +0000 2022
HASOsyalmedya,@AOK01591376 o konudan sorumlu bakanlık @gmgiray beyde. hakkından o gelir.,Fri Apr 08 18:14:26 +0000 2022
HASOsyalmedya,@Kutsal_Trader 🍼🍼 çay içmem lazım. Ekrana çok çirkin şelilde bakmaya başladım.,Fri Apr 08 16:37:14 +0000 2022
HASOsyalmedya,RT @fxbulten: Bugün 1948'e kadar gelen ons altın şu anda 1942 seviyelerinde; 1944 çevresindeki hareketine göre yeni bir analiz hazırlayacağ…,Fri Apr 08 16:35:40 +0000 2022
HASOsyalmedya,@Naznesss @BullsCoin 🙏🙏😊,Fri Apr 08 16:17:30 +0000 2022
HASOsyalmedya,@TTMuratOfficial @BullsCoin 🤣🤣 ve milletin bunu bilmemesi...,Fri Apr 08 16:16:50 +0000 2022
HASOsyalmedya,@hidrojen17 bugün benim kabul günüm.,Fri Apr 08 16:16:13 +0000 2022
HASOsyalmedya,@BullsCoin iftardan sonra önce yarım çaydanlık çay çekip kendime gelmeliyim. % 50 si bitikten sonra sizdeyim 🍼🍼,Fri Apr 08 16:15:54 +0000 2022
HASOsyalmedya,@btc_magazin sen bu işi biliyorsun canım kardeşim 😎,Fri Apr 08 16:15:19 +0000 2022
HASOsyalmedya,"Her saat farklı analizlerle beyin sulandır profilleri görüyorum.
Tek bir sözüm var.

Önce analizciyi analiz edin so… https://t.co/IyS5Fibm71",Fri Apr 08 16:11:40 +0000 2022
HASOsyalmedya,@baranyagmur65 güzel kardeşim. bir insanı takip etmeden önce geçmiş paylaşımlarına bir bakarsın. baktıktan sonra an… https://t.co/GmM0GHVUo1,Fri Apr 08 16:00:24 +0000 2022
JrKripto,"Telegram Sohbet kanalımızdan soru-cevap yayını açalım dedi Viop(Ahmet) yayındayız!

İsteyenler katılabilir kanal li… https://t.co/00JBXqkFeR",Fri Apr 08 22:08:24 +0000 2022
JrKripto,❤️,Fri Apr 08 20:15:48 +0000 2022
JrKripto,"S&amp;P500 $SPX büyük düzeltmeleri nasıl yaşar? 

Hangi olaylar etkilidir? 

Büyük resimde S&amp;P500'ün çöküşleri ve çöküş… https://t.co/68W3cSNKBm",Fri Apr 08 19:11:52 +0000 2022
JrKripto,"Bitcoin 42.600$ dönüş için uygun alandır!

42.600$ sonrası sırasıyla,
44.200$
45.500$
46.200$ 
48.499$ hedefler!

A… https://t.co/WB5cq5lsTK",Fri Apr 08 18:51:26 +0000 2022
JrKripto,"Bitcoin Ne olacak?

Düşüş Bitti mi? Ralli Başlıyor mu?

Ayrıntılı Bitcoin Kısa-Orta-Uzun vade Fiyat Senaryosunu kon… https://t.co/djMYftjCXB",Fri Apr 08 18:46:25 +0000 2022
JrKripto,"Bitcoin 42.600$ seviyesi dönüş için uygun alandır!

Şimdi canlı yayın açıyorum Twitter üzerinden ayrıntılı bilgilen… https://t.co/cPYwVLlQiA",Fri Apr 08 18:44:07 +0000 2022
JrKripto,"Fiyatı ucuz kalan diplerde bulunan Altcoin ve GEM projelerini yazınız!

Herkes yazsın! Hep birlikte inceleyelim bel… https://t.co/fEKrL3i7Xu",Fri Apr 08 16:00:11 +0000 2022
JrKripto,"Tesla, Block ve Blockstream Texas'ta güneş enerjisi ile Bitcoin madenciliği yapmak için ortak oluyor.

Önemli bir h… https://t.co/sP0Mmbow28",Fri Apr 08 15:24:16 +0000 2022
JrKripto,"$DXY 100.05 🔺
US10Y 2.71     🔺

Güçlü yükseliyorlar, 16:30’da ABD endeksleri açılacak, artık bu seviyelerden geri d… https://t.co/gjdL33qR2W",Fri Apr 08 13:15:34 +0000 2022
JrKripto,"Herkese Günaydın🍀 Tüm emekçilere hayırlı mesailer olsun!

Güzel günler göreceğiz, güneşli günler☀️",Fri Apr 08 05:45:38 +0000 2022
JrKripto,@CryptoKemal Bugünden 5 yıl sonrasına baktığımızda bugünün NFT koleksiyonları ve metaverse arazileri içinde aynı an… https://t.co/pY9FSkwR62,Thu Apr 07 23:09:19 +0000 2022
JrKripto,"Bitcoin 43.500$ seviyesinde işlem görüyor. 

Yarın Geleneksel piyasaların kapanış günü, US10Y 2.66, $DXY ise 99.76… https://t.co/4a9TJMWnSD",Thu Apr 07 21:09:44 +0000 2022
JrKripto,Az önce paylaştığım Kripto Ekosisteminde bulunan her türlü gelişmeyi takip edeceğiniz web adreslerini hepsi için ay… https://t.co/snf5bD31Yw,Thu Apr 07 21:01:39 +0000 2022
JrKripto,"23-) SON SÖZ!
Aklınızı kimseye kiraya vermeden kendi zekanızı kullanarak finansal özgürlüğe ulaşmak için bu flood y… https://t.co/VFnLn9F06h",Thu Apr 07 20:03:22 +0000 2022
JrKripto,"22-)https://t.co/SpvCoyQc2Z
        https://t.co/7frFLOv2XX
Kripto Varlıkların en güncel haber sitelerinde haber de… https://t.co/v5vr87t02t",Thu Apr 07 20:03:22 +0000 2022
JrKripto,"21-)  https://t.co/3EEdeVDHdv ; Investopia, vikipedinin finansal piyasaları içeren hali gibi düşünebilirsiniz. Her… https://t.co/mov6VJu8uN",Thu Apr 07 20:03:21 +0000 2022
JrKripto,"20-)  https://t.co/iIHSuIN5zv…
Bitcoin gökkuşağı grafiğini bu site üzerinden takip edebilirsiniz.",Thu Apr 07 20:03:21 +0000 2022
JrKripto,"19-) https://t.co/fObdgMRiwx…

Kripto piyasalarında oluşan korku ve aç gözlülük seviyesini ölçen bu siteden yine al… https://t.co/ssezp46axg",Thu Apr 07 20:03:20 +0000 2022
JrKripto,"18-) https://t.co/ETz5coxDR5 Cryptowatch ; Piyasada oluşan emirleri takip etmek adına, bir çok borsayı içeren bu uy… https://t.co/A0dlE32BFx",Thu Apr 07 20:03:20 +0000 2022
JrKripto,"17-) https://t.co/V8Js3fhSqu
Ethereum sadece ethereum olarak görmeyin.. ethereum kripto varlıklar içinde bir dünya.… https://t.co/xMs5Ph3Xwk",Thu Apr 07 20:03:19 +0000 2022
