BTC_Archive,"RT @BTC_Archive: I put all my Interviews are on YouTube!

Follow me ❤️👇

 https://t.co/sZcA7dd3j5",Sun May 29 14:24:33 +0000 2022
BTC_Archive,"@jaffer_ali1 It’s not silly if you live under a volatile currency regime. You and I, yeah spending doesn’t make any sense.",Sun May 29 14:12:50 +0000 2022
BTC_Archive,@romanmartinezc Can’t wait 🤝,Sun May 29 14:11:38 +0000 2022
BTC_Archive,"#Bitcoin will pave the way for a better future.
- President of Central African Republic",Sun May 29 13:46:58 +0000 2022
BTC_Archive,@romanmartinezc i will miss this one...but soon ;),Sun May 29 13:45:53 +0000 2022
BTC_Archive,"💥BITCOIN is the currency of the Universe.
- President of Central African Republic",Sun May 29 13:36:42 +0000 2022
BTC_Archive,@Taj_Ali1 @andrewfeinstein beautiful :),Sun May 29 13:34:24 +0000 2022
BTC_Archive,@nikyabo fr,Sun May 29 13:31:14 +0000 2022
BTC_Archive,"El Salvador's ""Bitcoin City""
This is the actual plan.😍 https://t.co/W1gY3j9wbP",Sun May 29 13:29:13 +0000 2022
BTC_Archive,@dougboneparth Man-boobs all look the same bro 😂,Sun May 29 13:21:12 +0000 2022
BTC_Archive,"₿uy #Bitcoin 

Still true! 😎 https://t.co/gxhNMhzvNJ",Sun May 29 13:15:27 +0000 2022
BTC_Archive,"#Bitcoin will be the 'reserve currency' of the world
- Kevin O'Leary https://t.co/gDBwMEmiQH",Sun May 29 13:10:00 +0000 2022
BTC_Archive,@100trillionUSD What will the critics say if Bitcoin is +100k by March 🤔,Sun May 29 13:07:35 +0000 2022
BTC_Archive,@AltcoinGordon Death or glory bro… 😎,Sun May 29 13:03:23 +0000 2022
BTC_Archive,@Rep_of_C Thank you 😊,Sun May 29 12:15:41 +0000 2022
BTC_Archive,"RT @BTC_Archive: Found the replacement for the Miami “Bull”  

Ape sunning his ballz! ☀️ 😎 
#Bitcoin https://t.co/5U3HqIgDrF",Sun May 29 11:22:07 +0000 2022
BTC_Archive,@Reds72504883 How dumb are you? 😂,Sun May 29 10:42:06 +0000 2022
BTC_Archive,"@honey_xbt @JainSAHAB69 Thanks bro. 
On my way… 😂",Sun May 29 10:36:00 +0000 2022
BTC_Archive,💥INFLATION: What happens from here?,Sun May 29 10:35:15 +0000 2022
BTC_Archive,"RT @BTC_Archive: 💥Michael Saylor told me why he will be buying #Bitcoin at the top forever!

If you missed our chat on twitter spaces, here…",Sun May 29 10:25:14 +0000 2022
Kriptoemre,"Fransız emlak devi Versity ile işi blokzincire taşıyor. ICO'larının şerefine şanslı 1 kişiye $250 ödül var!

Katılı… https://t.co/qMJO0Zt4Ok",Sun May 29 13:59:50 +0000 2022
Kriptoemre,$TurkiyedeEv diye bir coin yapsak eve gücü yetmeyenler alır da hayvan gibi yükselir mi acaba? 🤔,Sun May 29 10:37:45 +0000 2022
Kriptoemre,"Para konuşur, varlıksa fısıldar. 

Başarı geldiği zaman sessiz sedasız gelir.",Sun May 29 08:47:17 +0000 2022
Kriptoemre,"Düşene bir tekme de Avrupa Merkez Bankası atacak!

Yayınlanan yeni bir raporda “hızlı büyüyen ve kompleks yapılara… https://t.co/iOvjG9yIou",Sat May 28 04:08:13 +0000 2022
Kriptoemre,@UmutdaBitcoin yes,Fri May 27 20:36:58 +0000 2022
Kriptoemre,@fre2gs Geri kalan her şey 1 düşerken bu 5 düşüyorsa ortada ciddi bir problem var demektir.,Fri May 27 20:27:40 +0000 2022
Kriptoemre,@UmutdaBitcoin Yanılmadım ki,Fri May 27 19:50:27 +0000 2022
Kriptoemre,@bitaneomer hshshhs,Fri May 27 19:38:23 +0000 2022
Kriptoemre,"Bedava para kazanmak isteyenlere önerimdir. 

Buradan $10'lara düştüğünde %100 getiri... https://t.co/MNmzOhUMfA",Fri May 27 19:34:27 +0000 2022
Kriptoemre,@priceinaction Cavusu tokatlamaya devam yani,Fri May 27 19:21:24 +0000 2022
Kriptoemre,@Kriptofoxes Mortingen,Fri May 27 19:21:01 +0000 2022
Kriptoemre,@Mstf16532362 bok yesin gerizekalılar,Fri May 27 19:00:27 +0000 2022
Kriptoemre,"@danheld Of course, I don't. I'm not a prophet. 

However, I have the decency to refrain from spreading hopium during a bear cycle.",Fri May 27 18:55:10 +0000 2022
Kriptoemre,@Blockworks_ @cz_binance Sikilmedik bi İtalyanlar kalmıştı =((,Fri May 27 18:50:44 +0000 2022
Kriptoemre,"@danheld Yep... Wait for 2 years and then you can jump back into the action on the next bull run. 

No one needs to… https://t.co/Ddo0nWZ0LY",Fri May 27 18:49:39 +0000 2022
Kriptoemre,@tughantugrul Hiç yorulma kanka ben engellerim seni :),Fri May 27 18:46:27 +0000 2022
Kriptoemre,@gemfather senin annenden benimkine sıra gelmemiş :(,Fri May 27 18:29:59 +0000 2022
Kriptoemre,@tughantugrul kıyamam incinmişsin mi :(,Fri May 27 18:27:56 +0000 2022
Kriptoemre,@ahmet2209 bişeyler,Fri May 27 18:27:37 +0000 2022
Kriptoemre,@Isabey19337325 kıyamam incindin mi =(,Fri May 27 18:27:22 +0000 2022
KriptoData,"Federal Rezerv (#FED): 15 Haziran
Brezilya Merkez Bankası (#BCB): 15 Haziran
İngiltere Merkez Bankası (#BOE): 16 Ha… https://t.co/iSIILqjJ5J",Sun May 29 13:15:46 +0000 2022
KriptoData,"Merkez Bankaları | Haziran Ayı Toplantı Tarihleri

Kanada Merkez Bankası (#BOC): 1 Haziran
Avustralya Merkez Bankas… https://t.co/1d9d8WinNN",Sun May 29 13:15:46 +0000 2022
KriptoData,"RT @TradeWars_10: CB Dijital Dönüşüm Ofisi, “Kriptoloji’ye Genel Bakış” serisinde, #blokzincir'in en önemli bileşenlerinden biri olan #krip…",Sun May 29 12:34:28 +0000 2022
KriptoData,"‘’Diplomanız, ehliyetiniz, çalışma geçmişiniz, tıbbi kayıtlarınız ve tüm buna benzer şeyler bir #NFT'ye dönüşecek v… https://t.co/tj1YtDonOC",Sun May 29 09:07:48 +0000 2022
KriptoData,"ABD Menkul Kıymetler ve Borsa Komisyonu(#SEC), ""One River Carbon Neutral Bitcoin Trust"" Borsa Yatırım Fonu(#ETF) te… https://t.co/84qmjitOcp",Sat May 28 18:27:56 +0000 2022
KriptoData,"‘’ABD Merkez Bankası'nın (#FED), attığı para politikası adımının oldukça uygun olduğunu düşünüyorum.’’

— Lawrence… https://t.co/kUmny4D5DG",Sat May 28 17:15:00 +0000 2022
KriptoData,"‘’#Bitcoin ve diğer kripto para birimleri, fiat para birimlerinin yerini alamayacak, almış olurlarsa bir kabus olur… https://t.co/n1ctJcErj0",Sat May 28 16:33:55 +0000 2022
KriptoData,"‘’MicroStrategy olarak #Bitcoin'lerimizin hiçbirini satmadık, yedek nakit bulunduğunda da daha fazla satın alıyoruz… https://t.co/kIiGn1Irns",Sat May 28 16:05:36 +0000 2022
KriptoData,"#Bitcoin'in sınırlı bir arzı var. %90'ından fazlası dolaşımda ve artan talep ve sabit arzı ile, fiyatlar geçen yıl… https://t.co/9Q1L7sUShg",Fri May 27 21:37:22 +0000 2022
KriptoData,"Son zamanlarda olanlar, tüm kripto para birimlerinin aynı olmadığını gösteriyor. Bazıları; çok yeni, çok riskli ve… https://t.co/9TNVn80hOr",Fri May 27 21:37:21 +0000 2022
KriptoData,"‘’Kesinlikle düzenlemelere ihtiyacımız olduğunu düşünüyorum, gelişmiş ekonomilerde bile daha fazla veriye ihtiyacım… https://t.co/0GSqNBsMm0",Fri May 27 21:37:21 +0000 2022
KriptoData,"#Binance, İtalya'da Dijital Varlık Hizmet Sağlayıcısı onayı aldığını duyurdu. https://t.co/1jMJ2PNyRV",Fri May 27 20:11:25 +0000 2022
KriptoData,"T.C. Cumhurbaşkanlığı Dijital Dönüşüm Ofisi, ❝Kriptolojiye Genel Bakış❞ serisinde, #blokzincir'in en önemli bileşen… https://t.co/TmP0XZYpu9",Fri May 27 19:20:52 +0000 2022
KriptoData,"‘’Tesla ürünleri #Doge ile satın alınabilir, yakında SpaceX ürünleride satın alınabilecek.’’

— Elon Musk | Tesla C… https://t.co/DWpiUDVCdh",Fri May 27 15:29:43 +0000 2022
KriptoData,‘’Ne yapıldığını görecekler. #Bitcoin toplumlarında çok kök salmış olacak ve #Btc ekonomilerinin önemli bir bileşen… https://t.co/gYKFOChtrn,Fri May 27 15:22:54 +0000 2022
KriptoData,"“#Bitcoin El Salvador'a refah getirebilirse, o zaman 10 yıl sonra başka bir hükümetin yasayı yürürlükten kaldırması… https://t.co/Xvk14UzsZ3",Fri May 27 15:22:52 +0000 2022
KriptoData,‘’Enflasyon hala çok yüksek durumda. Son enflasyon verileri ilerleme olduğunu gösteriyor. FED’in görevini yapması i… https://t.co/Wjl2lDp0e6,Fri May 27 14:29:37 +0000 2022
KriptoData,"“Başarılı bir #Metaverse deposu çok fazla veri gerektirir. Bu nedenle metaverse projeleri, devasa ölçek, veri kapas… https://t.co/oH7lA4qvqW",Fri May 27 14:17:10 +0000 2022
KriptoData,"“Umarım Meta, ortamı oluşturdukları ancak kimliğinizi ve verilerinizi kendi sunucularında gizli bir şekilde saklama… https://t.co/7eCv1toBEU",Fri May 27 14:17:10 +0000 2022
KriptoData,"BSV Blockchain Derneği Kurucu Başkanı Jimmy Nguyen, Meta’nın oluşturacağı #Metaverse ortamı hakkında açıklamalarda… https://t.co/7IrkBnhc1b",Fri May 27 14:17:07 +0000 2022
kriptoreal1,"Dostlarım selamlar.
Nasıl geçiyor gününüz?
Keyfiniz yerinde mi?
Gelin sohbet edelim. ❤️
#Bitcoin",Sun May 29 12:49:08 +0000 2022
kriptoreal1,RT @Cannrunner: NASDAQ :  14598 ve 16766 zirve direnç seviyesinde ters tepki verebilir. güçlü yükselişin 23029 seviyesine ilerleyerek yeni…,Sun May 29 11:26:11 +0000 2022
kriptoreal1,#Gateio borsasına özel bonus ve #GEM projelerden yararlanmak için aşağıdaki linkten üye olup id’nizi bana DM’den il… https://t.co/MvwLX6sspZ,Sat May 28 21:23:34 +0000 2022
kriptoreal1,RT @Cannrunner: Piyasa tarafında beklenti sabit olsa da gelecek toplantılarda faiz artışının desteklenmesi gibi önemli açıklamalar TRY tara…,Sat May 28 17:33:19 +0000 2022
kriptoreal1,"5 kişiye sürpriz #LUNA ödülü

2 arkadaşınızı ve rt yapmanız yeterli.

DM’ler açık olsun. 🥳🥳

#Bitcoin #Giveaway #Giveaways #LUNC #luna2",Sat May 28 13:17:42 +0000 2022
kriptoreal1,"RT @Cannrunner: EURUSD : Yükselen trend test edildi. hızlı kırılma sonrasında 1,0663 destek seviyesine düşüş hareketi beklenebilir. devamın…",Sat May 28 13:13:28 +0000 2022
kriptoreal1,"Çok güzel bir hafta sonu bizimle olsun takipçilerim. Hafta sonunun huzurunu yaşayın dostlarım. ☀️🌸
#Bitcoin #ETH #Metaverse #NFTs",Sat May 28 10:17:41 +0000 2022
kriptoreal1,"#GEM proje etkinliğimiz devam ediyor. En az 5 mükemmel projeyi sizlerle paylaşacağım.

Küçük miktarlarda büyük kaza… https://t.co/IZx7Jg1eCH",Fri May 27 20:35:40 +0000 2022
kriptoreal1,"RT @kriptoreal1: Akşam açıklıyorum dostlarım. Henüz katılmamış olan takipçilerim katılabilirler.
#bitcoin #ETH #Giveaways #Giveway #NFTGive…",Fri May 27 20:29:07 +0000 2022
kriptoreal1,"RT @Cannrunner: Bugün vip grupta neler yaptık ….
#forex #bist #borsa #BorsaIstanbul https://t.co/OJuBpEPVz2",Fri May 27 16:35:52 +0000 2022
kriptoreal1,"Akşam açıklıyorum dostlarım. Henüz katılmamış olan takipçilerim katılabilirler.
#bitcoin #ETH #Giveaways #Giveway… https://t.co/F2P1aMbFrO",Fri May 27 13:33:39 +0000 2022
kriptoreal1,@atlantikkaya @ElectraProtocol Ekip sponsor olursa düşünürüz.,Fri May 27 12:48:54 +0000 2022
kriptoreal1,RT @Cannrunner: BTCUSD : Yatay kanal hareketi devam etmektedir. 29478 destek seviyesinden gelen yükseliş hareketi 30184 direnç seviyesini g…,Fri May 27 11:09:34 +0000 2022
kriptoreal1,"Günaydın güzel takipçilerim. 🍀
Herkese hayırlı cumalar dilerim. ❤️
#Bitcoin",Fri May 27 09:38:42 +0000 2022
kriptoreal1,"5 #GEM proje etkinliğimiz devam ediyor. Aşağıdaki gateio linkinden üye olalım dostlarım.

Küçük miktarlarda büyük k… https://t.co/ooxdpSbt5C",Thu May 26 16:30:53 +0000 2022
kriptoreal1,"RT @Cannrunner: Bugün vip grupta neler oldu …. Hepsi burada …. 
#forex #bist #BORSA #BIST100Sirketler https://t.co/GQt3LIXXNv",Thu May 26 11:34:14 +0000 2022
kriptoreal1,"3 arkadaşımıza 50’şer TL vereceğim.

Sadece RT yapmanız yeter dostlarım. 

#Bitcoin #giveaway #giveaways",Thu May 26 09:16:23 +0000 2022
kriptoreal1,@SaidSai38802386 🌸🌸,Thu May 26 07:14:56 +0000 2022
kriptoreal1,"Günaydın sevgili takipçilerim ☕️☕️
Herkese mutlu ve bol bereketli bir gün dilerim. 🍀❤️ #Bitcoin",Thu May 26 07:09:17 +0000 2022
kriptoreal1,"5 #GEM proje etkinliğimiz devam ediyor. Aşağıdaki gateio linkinden üye olalım dostlarım.

Küçük miktarlarda büyük k… https://t.co/93Im9yygRI",Wed May 25 21:02:53 +0000 2022
coinmuhendisim,@Cryptoliq1 :D olayımız airdrop umut fakirin ekmeği lambo alcak paramız yok çekiliş olunca paylaştık. sanki biz bor… https://t.co/WzlNhbpi6A,Sun May 29 10:08:53 +0000 2022
coinmuhendisim,"Biz yıllardır insanlara ek gelir olması açısından airdrop ları ön satışları  whitelistleri, çekilişleri paylaşıyoru… https://t.co/WejckdEvOA",Sun May 29 09:38:17 +0000 2022
coinmuhendisim,"Paralı eğitim satanlara inat ücretsiz eğitimler yayınladığımız için bize bu saldırılar geliyor, daha da fazlası gel… https://t.co/qMaksFlBzM",Sun May 29 09:35:23 +0000 2022
coinmuhendisim,"Borsayı önermeden, sadece burada bir çekiliş var lambo airdrop diye paylaşım yaptık. Bu paylaşımı yaptığımızda twit… https://t.co/dXDbYgMQNM",Sun May 29 09:35:22 +0000 2022
coinmuhendisim,Thodex in eski ismi Koineks idi piyasanın eskileri bilir. Btcturk ve paribu dan sonra en büyük 3. Borsaydı 2018 de.… https://t.co/NluZO1ffPI,Sun May 29 09:35:22 +0000 2022
coinmuhendisim,"Sürekli kazansak, Elon Musk olurduk. 

Tweetleri silmedik o zaman bunun doğru olduğuna inanıp bizde kendimiz için y… https://t.co/w32cqO9HuF",Sun May 29 09:26:21 +0000 2022
coinmuhendisim,RT @paramuhendisim: Şunu da eklemek istiyoruz. Kendimizin yatırım yapmadığı ve kullanmadığı hiçbir şeyi sizlere anlatmıyor ve önermiyoruz.…,Fri May 27 20:25:52 +0000 2022
coinmuhendisim,"RT @paramuhendisim: 😱 StepN Son Durum | Neler Oluyor❓

🤯 Tüm Sorularınıza Cevap Vereceğimiz Canlı Yayınımız Birazdan Başlayacak

💥 Arkadaşl…",Fri May 27 20:10:04 +0000 2022
coinmuhendisim,"💥 Yeni $LUNA Geliyor 😱
🧐 Ne Yapmalıyız? Ön Satış Var Mı❓

🥳 Son Gelişmeleri Size Aktardığımız Video Yayında Beğenip… https://t.co/VYcgsVCtyf",Fri May 27 18:17:37 +0000 2022
coinmuhendisim,RT @ibrahimclp94: @coinmuhendisim Kim ulan bu düdükler sizin sayenizde şuan 65 k 370 k oldu Allah razı olsun bu bilgiler icin,Fri May 27 15:38:17 +0000 2022
coinmuhendisim,"RT @coinmuhendisim: Coin Mühendisi’ne İftira atanlarla görüşeceğiz. 
Huzurumuzu bozmak istemiyorduk fakat artık  İfşa sezonu geliyor. 
100…",Fri May 27 15:38:00 +0000 2022
coinmuhendisim,"Coin Mühendisi’ne İftira atanlarla görüşeceğiz. 
Huzurumuzu bozmak istemiyorduk fakat artık  İfşa sezonu geliyor.… https://t.co/sDLbP96Pqw",Fri May 27 15:31:22 +0000 2022
coinmuhendisim,"RT @TheBullduck: Biraz kafalar dağılsın diye, drone görüntüleri eşliğinde Vlog tadında Bahamalar'dan son video yarın 19:30'da yayında 🇧🇸

🔸…",Thu May 26 18:32:48 +0000 2022
coinmuhendisim,@KriptoFati 👀 https://t.co/61aeYK2aP4,Thu May 26 17:43:31 +0000 2022
coinmuhendisim,"RT @coinmuhendisim: 120 $SOL değerinde 6 adet nadir NFT Ödüllü #Genopets ile AMA etkinliği düzenliyoruz.

⏰26 Mayıs 18.00

🎁6 soru ödüllend…",Thu May 26 09:01:03 +0000 2022
coinmuhendisim,"ÇOK ÖNEMLİ BİR KURAL DAHA VAR !

📌 Genopets Beta Sürümüne Kayıt Ol;
https://t.co/MKoLhGam9h",Thu May 26 07:52:20 +0000 2022
coinmuhendisim,📌 You can ask up to 3 questions. Those who ask more than 3 questions will be banned and will not be able to partici… https://t.co/G1X7DzCBmI,Thu May 26 07:31:39 +0000 2022
coinmuhendisim,🎯 AMA Etkinliği https://t.co/JDDHZbTLyf grubunda gerçekleşecektir. Sorularınızı buradan İngilizce olarak sorun lütf… https://t.co/iVmyeUVLlf,Thu May 26 07:31:38 +0000 2022
coinmuhendisim,"120 $SOL değerinde 6 adet nadir NFT Ödüllü #Genopets ile AMA etkinliği düzenliyoruz.

⏰26 Mayıs 18.00

🎁6 soru ödül… https://t.co/aBqb0x29Da",Thu May 26 07:31:37 +0000 2022
coinmuhendisim,"Günaydın arkadaşlar, çok beklenen @genopets #AMA Etkinliği bugün gerçekleşecek. Kesinlikle katılın 🚀

Ödül 120-160… https://t.co/8H9YClivft",Thu May 26 06:45:51 +0000 2022
btc_magazin,@dojipto Mag coin kazandırmıyor diyen var mı ya,Sat May 28 21:32:41 +0000 2022
btc_magazin,@dojipto 😂😂,Sat May 28 21:20:38 +0000 2022
btc_magazin,@btcparadisee Benimde bodrumda 5000 dönüm arazim var satarım uygundan,Sat May 28 12:29:59 +0000 2022
btc_magazin,Hükümet pardon,Sat May 28 08:50:24 +0000 2022
btc_magazin,Vatandaşı Alkol ve sigara tüketmesin diye her hafta zam yapan devlet gibi devlet be :D,Sat May 28 08:44:42 +0000 2022
btc_magazin,@akincnr Doğum günün kutlu olsun abi nice senelere 💯,Sat May 28 07:32:25 +0000 2022
btc_magazin,@dehayesil10 :(,Fri May 27 17:52:05 +0000 2022
btc_magazin,Çok çirkin değil mi 😅 https://t.co/xV1MGhSWEe,Fri May 27 16:20:56 +0000 2022
btc_magazin,Sırayla projeleri aşağı vuruyorlar 🥵 https://t.co/KpWvERKquS,Thu May 26 20:26:11 +0000 2022
btc_magazin,@gmgiray Keşke zengin olsam 😂,Thu May 26 20:09:23 +0000 2022
btc_magazin,@btcparadisee Tutmuyorum kalmadı,Thu May 26 16:40:34 +0000 2022
btc_magazin,@SorunsalElliTon İğneler bana battı 🥲,Thu May 26 13:41:34 +0000 2022
btc_magazin,Üç ayda güzel fakirleştik,Thu May 26 13:32:56 +0000 2022
btc_magazin,Grafik atalım diyorum altlar perişan olmuş ne atacağımı bilemiyorum,Wed May 25 19:18:27 +0000 2022
btc_magazin,@_freieseele Aynen öyle,Wed May 25 19:16:59 +0000 2022
btc_magazin,DolarTL aralıktaki keskin hareketin Optimal Short Trade Entry bölgesi üzerine yerleşti. 15.88 üzerinde Doları güçlü… https://t.co/xKsOkeu4wB,Wed May 25 19:16:31 +0000 2022
btc_magazin,Ethereum tarafında itimat ettiğimiz ortalamalar aylardır gündemdeydi. Son dalgada tutunma sağlanamadı ve %36 düşüş… https://t.co/DIr1Fndis1,Wed May 25 19:15:33 +0000 2022
btc_magazin,Bu noktaya gelirse boğalar basacaktır,Wed May 25 19:14:51 +0000 2022
btc_magazin,Aralık 2018 ve Mart 2020 sert düşüşlerinde Bitcoin için dip toparlanma alanı 200 Haftalık Basit ortalama olmuştur.… https://t.co/8HmPEVUnbc,Wed May 25 19:14:26 +0000 2022
btc_magazin,"RT @kerimcalender: Değerli arkadaşlar $LUNA ve $UST dağıtımını araştırdım tekrar. Düzelterek doğru bilgileri yazıyorum.

Örnek rakam verere…",Wed May 25 17:53:24 +0000 2022
CryptoTroia ,@YunusSe62239153 Sanırım bir hafta gibi bir şey kaldı brocum,Sun May 29 12:51:55 +0000 2022
CryptoTroia ,@CoinTerbiyecis Jesus açıklanırsa bi %10’u daha var gibi sanki 👍,Sun May 29 12:50:43 +0000 2022
CryptoTroia ,"RT @oktay_saral: İstanbul'umuzun fethinin 569.yılı kutlu olsun.Bu güzel coşkuyu bugün hep birlikte yaşıyoruz.Çağ açıp çağ kapayan,kalpleri…",Sun May 29 12:47:07 +0000 2022
CryptoTroia ,@CryptOguuz 🌞🌹,Sun May 29 12:45:24 +0000 2022
CryptoTroia ,Açık konuşayım Bitcoin BUSD paritesinde 24500$’ın görülmesi beni acayip iştahlandırıyor.,Sun May 29 12:39:25 +0000 2022
CryptoTroia ,@saralailesi Tam destek sonuna kadar! @efsarialioglu,Sun May 29 12:33:36 +0000 2022
CryptoTroia ,"RT @saralailesi: Tüm akraba ve dostlarımızı destek olmaya bekliyoruz

⚽ Maç Günü 💛🖤
🏆 Spor Toto 1. Lig Play-Off Yarı Final
🆚 BB Erzurumspor…",Sun May 29 12:33:05 +0000 2022
CryptoTroia ,@kuzisatoshinin Trend takibi için elimizde çok değerli bir pırlanta olduğunu düşünüyorum? @WolfMS_,Sun May 29 11:59:14 +0000 2022
CryptoTroia ,@cenk_eken Takas :),Sun May 29 09:25:15 +0000 2022
CryptoTroia ,"Sevgili Troia ailesi, eski portföyde bulunan DODO, QTUM ve UNFI’nin ardından bu ciddi yükselişini değerlendirmek ad… https://t.co/Wyo8dULzBT",Sun May 29 08:17:09 +0000 2022
CryptoTroia ,RT @CryptoTroia: Real Madrid’e duyduğum sempati Luis Figo’nun transferiyle başlamıştı. Daha sonra Barca’nın katalan bölücüsü olduğunu öğren…,Sat May 28 20:55:54 +0000 2022
CryptoTroia ,@Emreislek @SantManukyan @ercekripto @ozlemkarakul @MuratMmturk @ernealist @kriptozeryan Başarılarınızın devamını d… https://t.co/5hvII13VA7,Sat May 28 20:42:12 +0000 2022
CryptoTroia ,@KriptoFati Fatih üründül,Sat May 28 20:17:43 +0000 2022
CryptoTroia ,"Bitcoin’in yükselişleri Real Madrid hücumları gibiyken, düşüşleri Liverpool hücumları gibi oluyor.",Sat May 28 20:13:36 +0000 2022
CryptoTroia ,@umutak47shawty Bu açıdan bakmamıştım :D,Sat May 28 19:29:54 +0000 2022
CryptoTroia ,"@umutak47shawty Şampiyonlar ligi finali izlemeyenler şu an barbie giydirmece oynuyorlar. Linki aşağı bırakıyorum:

https://t.co/y0QgwdXeaT",Sat May 28 19:26:10 +0000 2022
CryptoTroia ,"MEXC Özel - Luna (LUNA) Alım Satım Yarışması - 15.000 USDT Kazanma Şansı!

Etkinlik hakkında bütün detaylar 👇… https://t.co/IpmBCNH2FV",Sat May 28 19:14:40 +0000 2022
CryptoTroia ,Real Madrid’e duyduğum sempati Luis Figo’nun transferiyle başlamıştı. Daha sonra Barca’nın katalan bölücüsü olduğun… https://t.co/66766Gvwq4,Sat May 28 19:11:55 +0000 2022
CryptoTroia ,@BTC_USDT_LTC Kim abi bu “abimiz” :),Sat May 28 18:27:33 +0000 2022
CryptoTroia ,@0xbakic @ProfesorTurkmen Hangimizi? :),Sat May 28 18:26:26 +0000 2022
kripto_expert,"3 Hafta önce olacakları önceden gören kardeşimize selam olsun helal olsun valla, Bu diğer stable coinlerede çok dik… https://t.co/GS8jRINpgx",Wed May 11 22:29:19 +0000 2022
kripto_expert,"Katılıyorum .
1. Elon
2.Saylor ... https://t.co/ln28ZLHXjl",Mon Apr 11 22:16:45 +0000 2022
kripto_expert,"1 Kişiye 100Tl 
(Zaman 2 Saat)
Tek Yapmanız Gereken Bu Twiti Beğenmek Ve Telegram Kullanıcı Adını Yoruma Yazmak...",Sat Feb 12 20:12:38 +0000 2022
kripto_expert,"RT @CryptoTroia: İçerisinde epey yüklü bakiyemin bulunduğu Binance hesabım kilitlendi.

Durumun ivedilikle çözülmesini bekliyorum. Benim gi…",Mon Jan 17 23:31:07 +0000 2022
kripto_expert,"Gittikçe popüler olmaya devam ediyor, biz 2 ay önce paylaşmıştık siz birde 2022 de görün 😍 #ceekusdt #CEEKVR https://t.co/oXrq0Zzz82",Mon Dec 27 20:44:14 +0000 2021
kripto_expert,On Numara Sepet @YusufAlemdars Keydeyim bende 👍👍👍 https://t.co/cxuIvwmVsl,Fri Dec 17 15:08:49 +0000 2021
kripto_expert,#Metaverse demişken #CEEK şöyle 0.30$ civarına gerilese de daha ekleme yapsak yaw :),Sat Dec 11 12:48:30 +0000 2021
kripto_expert,2021 Yılının başından bu yana en kötü proje bile min 2x-3x yaptı çoğu projeler uzaya çıktı bence piyasa çok pahalandı.,Sat Dec 11 12:38:17 +0000 2021
kripto_expert,Daha 1 ay önce herkes Mega Boğa diyordu :) Yüz binlerce abonesi olan kanallar vs 2021 Bitmeden Btc 100k 150k görece… https://t.co/RCt5CSotDe,Sat Dec 11 12:37:02 +0000 2021
kripto_expert,Bugün Telegram grubumuzda paylaştığımız coin 3x yaptı. Kısa vadede kazanmak istiyorsanız telegram grubumuza ücretsi… https://t.co/0X4Iv3pSNK,Sat Oct 23 15:52:08 +0000 2021
kripto_expert,@yunuscansii Pancake de Hotbitte kral,Tue Oct 19 09:09:23 +0000 2021
kripto_expert,@KriptoFati Bende girdim 40 tan hadi bakalım 🤗,Thu May 28 12:15:32 +0000 2020
WolfMS_,@ortradee Mümkün 🤝,Sun May 29 13:11:09 +0000 2022
WolfMS_,@Murad09870905 Tam tersi bro. Düşüşten sonra pariteler güçlü yükselişler yapacaktır. HTF’de bounce kısacası. Bu bil… https://t.co/HDDFfVf9n5,Sun May 29 13:10:55 +0000 2022
WolfMS_,"Yeşil kutu işlem tarihinde YO, şu an PYO olan seviyede fiyatın karşılaştığı alımların karşılaştırılması bile bir gö… https://t.co/qhUjvFzErW",Sun May 29 12:55:16 +0000 2022
WolfMS_,@CryptoTroia @kuzisatoshinin 👑❤️,Sun May 29 12:01:14 +0000 2022
WolfMS_,@PeritesyumPA 👏,Sun May 29 11:50:24 +0000 2022
WolfMS_,"@omerdemircrypto @denizbasilgann @amnesianela Bro burada mevzu haklılık değil ki. Yaklaşımının doğru olmaması.

Kar… https://t.co/ULvzPvjbDc",Sun May 29 11:29:20 +0000 2022
WolfMS_,@omerdemircrypto @denizbasilgann @amnesianela Ömer ikidir benzer muhabbette seni görüyorum. İtham ettiğin kişiler b… https://t.co/c9ES2z6ZsR,Sun May 29 11:16:06 +0000 2022
WolfMS_,@traderavcii https://t.co/yiwFwkxcbV,Sat May 28 22:45:32 +0000 2022
WolfMS_,@eygnthebender Çok matah bir şey değil bro. Sen bakma bana ben eğlencesine atıyorum. Sen 15min’den aşağı inme. Yüks… https://t.co/TYcHmq94za,Sat May 28 22:28:08 +0000 2022
WolfMS_,Haftaya falan kapatırım herhalde bu pozisyonu. 1min grafikte 100 dolarlık alanda da swing trade atmadık demeyiz. https://t.co/VTh7zi5vEv,Sat May 28 22:08:57 +0000 2022
WolfMS_,Akıllı ol @cz_binance https://t.co/CMuGoPnT40,Sat May 28 17:12:20 +0000 2022
WolfMS_,"@PeritesyumPA :) hayır bro, bugün işlem almadım.",Sat May 28 16:58:12 +0000 2022
WolfMS_,"@haksoy06 Bu WR’leri olanaksız görenlere öğrenci olarak iyi bir örneksin. Tebrikler.

Birçoğunuz çok daha iyi olacaksınız.",Sat May 28 07:42:33 +0000 2022
WolfMS_,"Uzun yoldan geldim ancak kısa bir not düşüp öyle günü kapatayım.

Mevcut yatay seyir sadece LTF için önemli. Henüz… https://t.co/JJWJLJZ1rG",Fri May 27 21:56:18 +0000 2022
WolfMS_,@BadlandYW https://t.co/270jlXkwn2,Fri May 27 15:37:23 +0000 2022
WolfMS_,"@Jindmahi06 Sen bakıyorsun olm işte ya, ek iş çıkarma bana. Üşeniyorum artık. Alırsak birlikte trade ederiz zaten AVAX’ı.",Thu May 26 20:06:27 +0000 2022
WolfMS_,"@Jindmahi06 $17 yeşil kutu seviyeleri. $13 ise üç aşağı beş yukarı OB.

Alınacak AVAX en azından $55 seviyelerine k… https://t.co/G4qkcIMMsE",Thu May 26 20:04:59 +0000 2022
WolfMS_,@Jindmahi06 4 dolardan AVAX alacağız goygoyu gerçek olsa yılın troll'ü olur yalnız.,Thu May 26 19:58:45 +0000 2022
WolfMS_,@akablendr Tebrikler bro. Yolunda başarılar dilerim.,Thu May 26 18:35:34 +0000 2022
WolfMS_,@crunrealman Bro bunu bir de beni de etiketleyerek bizim DC sohbet bölümünde yazar mısın? Oradan yanıt vereyim.,Thu May 26 18:34:27 +0000 2022
Btcrobotu,"Herkese Merhaba ,

2 Mart itibariyle sistemlerimizde son durum. 

Endeks xu030 ve  Viop için yeni overall tazelenmi… https://t.co/0MEXFTZ0Sm",Thu Mar 03 04:50:35 +0000 2022
Btcrobotu,Açığa satış işlemleri dahil değildir.,Thu Feb 24 19:47:55 +0000 2022
Btcrobotu,24 Şubat  itibariyle #sasa #krdmd #otkar Algoritmalarımızd son durumlar bu şekilde gerçekleşmiştir. https://t.co/0SEbmnMtvT,Thu Feb 24 19:47:30 +0000 2022
Btcrobotu,"Herkese Merhaba , 

24 Şubat itibariyle sistemlerimizde son durum xu030 2257,93 seviyesinden sat şekilinde oluşmuşt… https://t.co/w8HspOq2Nj",Thu Feb 24 19:42:33 +0000 2022
Btcrobotu,"Herkese Merhaba ,

17 Şubat itibariyle , Algoritmalarımızda son durum bu şekilde gerçekleşmiştir. 2260 seviyesinden… https://t.co/4GEhJrKPW4",Thu Feb 17 19:37:30 +0000 2022
Btcrobotu,"Herkese merhaba,

17 Şubat itibariyle sistemlerimizde son durum bu şekilde gerçeklemiştir. https://t.co/k4nG8Cnghu",Wed Feb 16 21:14:34 +0000 2022
Btcrobotu,"14 Şubat olacaktı ***

Matriks geçmiş dataların bir kısmını silmiş. bu nedenle işlem sayısı düşmüştür. önceki verilere göre ****",Mon Feb 14 20:51:35 +0000 2022
Btcrobotu,"Herkese Merhaba

11 Şubat itibariyle Algoritmalarımızda son durum.

Böylelikle 3.2 içerisinde Xu030 Hisselerinde ve… https://t.co/Btx2J1x4Zp",Mon Feb 14 20:50:28 +0000 2022
Btcrobotu,"Herkese Merhaba

11 Şubat itibariyle Algoritmalarımızda son durum.

Böylelikle 3.5 içerisinde Xu030 Hisselerinde ve… https://t.co/ojU5XYnuln",Fri Feb 11 19:47:41 +0000 2022
Btcrobotu,"EREGL Son durum.

Algoritmalarımızda bugün toplamda % 110 getiri ile yeni overall tazenlenmiştir. https://t.co/dQUcJ3SxUW",Thu Feb 10 17:47:09 +0000 2022
Btcrobotu,"Herkese Merhaba

10 Şubat itibariyle Algoritmalarımızda son durum.

Böylelikle 3.5 içerisinde Xu030 Hisselerinde ve… https://t.co/bEnJz85UOo",Thu Feb 10 17:43:43 +0000 2022
Btcrobotu,"Herkese Merhaba

9 Şubat itibariyle Algoritmalarımızda son durum.

Böylelikle 3.5 içerisinde Xu030 Hisselerinde ve… https://t.co/zaFHdDz8Cg",Wed Feb 09 16:41:47 +0000 2022
Btcrobotu,"Herkese Merhaba

9 Şubat itibariyle Algoritmalarımızda son durum.

Böylelikle 3.5 içerisinde Xu030 Hisselerinde ve… https://t.co/d28Igb6c0H",Tue Feb 08 20:44:52 +0000 2022
Btcrobotu,"7 Şubat Eregl 

Algoritmalarımızda son durum 

% 90 üzerinde kanç sağlamıştır. https://t.co/tGI9uOnTew",Mon Feb 07 18:13:02 +0000 2022
Btcrobotu,Açığa satış işlemleri dahil değildir. !,Mon Feb 07 18:11:17 +0000 2022
Btcrobotu,"7 Şubat itibariyle Krdmd algoritmalarımızda toplam kazanç 34 işlem ile  % 114 e ulaşmıştır.

Algoritmalarımız hakkı… https://t.co/VTrdUlliPa",Mon Feb 07 18:00:50 +0000 2022
Btcrobotu,"Herkese Merhaba

7 Şubat itibariyle Algoritmalarımızda yeni overall tazenlenmiştir.

Böylelikle 3.5 içerisinde Xu03… https://t.co/bXggYE3adq",Mon Feb 07 17:55:58 +0000 2022
Btcrobotu,@SudemirSalim @NihalAkarsu34 ince espiler ve kapaklar  bonus :),Sat Feb 05 21:05:32 +0000 2022
Btcrobotu,"@NihalAkarsu34 1- yabancı dizi:  person of interest ( aksiyon bilim kurgu )

2- mad max of road ( full aksiyon)

3-… https://t.co/PKWdcL4zP7",Sat Feb 05 21:03:12 +0000 2022
Btcrobotu,4 şubat itibariyle #sasa son durum https://t.co/paqTidj7jx,Fri Feb 04 17:47:12 +0000 2022
kriptowarrior,"RT @traderOzanARMAN: İşlem ve eğitim kanalı için iletişime geçebilirsiniz.

YouTube yakında…

Sosyal medya hesaplarım;
İnstagram: ozanarman…",Sun May 29 14:47:27 +0000 2022
kriptowarrior,Dayı noldu #bitcoin dönüyor mu ? https://t.co/2sklkH28Rc,Sun May 29 11:29:35 +0000 2022
kriptowarrior,"RT @traderOzanARMAN: EN İYİSİNİN EN İYİSİYİM.

Daha iyisini yapana kadar en iyisi bu başarı.

25 ŞUBAT - 5 NİSAN işlem başarısı.

Hazır mıs…",Sun May 29 10:54:53 +0000 2022
kriptowarrior,@raymali63343250 zor soru ikisinin yerine matic seçerdim,Sun May 29 10:39:42 +0000 2022
kriptowarrior,"Kripto Savaşçısı Dostlarım Günaydın.

9.haftayı kırmızı kapayacağımız güne geldik 10.hafta herşeyin başlangıcı olma… https://t.co/zgSYMrr7bi",Sun May 29 08:26:00 +0000 2022
kriptowarrior,Hayat su gibi akıp gidiyor vaktinizi boşa harcamayın dostlar,Sat May 28 19:10:39 +0000 2022
kriptowarrior,"RT @traderOzanARMAN: Bu hafta 138 puanlık yükselişi ön görmüştük.

Yapılmayacağı çok yaptım, yapmaya devam edeceğim.

2.767 $ / 44.827 ₺…",Sat May 28 17:10:20 +0000 2022
kriptowarrior,"Yine #MoonXBT farkı ile 27may-10haziran arası al sat işlemleri yap bedavadan 200 #USDT kazan !!

Türkiye pazarına b… https://t.co/yZcKh9QYRJ",Sat May 28 13:35:24 +0000 2022
kriptowarrior,"Ben bildim, ben ettim, ben yaptım gibi BEN BEN BEN diyen insanlar ne kadar itici duruyor anlatamam.",Sat May 28 11:40:31 +0000 2022
kriptowarrior,"RT @traderOzanARMAN: Günlük analizler, sohbet, işlem yorumlama vs vs herkesi bekleriz.

https://t.co/rUR3OKuYM9",Sat May 28 10:56:20 +0000 2022
kriptowarrior,"Kripto Savaşçısı Dostlarım Günaydın.

Para kazanmayı değil, Para kaybetmemeyi öğrendiğiniz zaman kripto para piyasa… https://t.co/hMvyUnYHO0",Sat May 28 07:45:00 +0000 2022
kriptowarrior,"Kripto Savaşçısı Dostlarım

Piyasa böyleyken soğukkanlı olmak zorundasınız.

Panik satışları yaparak emin olun daha… https://t.co/Ee8ZzDv663",Fri May 27 17:00:00 +0000 2022
kriptowarrior,"RT @traderOzanARMAN: Sabah düşüşten öğlen 15 dakika da yükselişten.

Karakteri menfaatlerine göre şekillenen '' 𝐳𝐚𝐯𝐚𝐥𝐥ı '' insanlar var.

1…",Fri May 27 15:05:43 +0000 2022
kriptowarrior,"RT @traderOzanARMAN: Yine, Yeni, Yeniden.

Karşınızda Ozan Arman dimdik ayakta.

İcraatlerin hastasıyız, bereketli olsun.

#Forex #bist htt…",Fri May 27 11:20:18 +0000 2022
kriptowarrior,"Son bir dip bölgesi demiştik onu nabıp edip tamamlayacak.

 20-21 K  en dip gelebilecek seviye
23-24 K benim için k… https://t.co/twDgbxhX62",Fri May 27 10:46:55 +0000 2022
kriptowarrior,"Kripto Savaşçısı Dostlarım;

#Bitcoin i tek kelime özetleseniz bu ne olurdu ?",Thu May 26 17:35:15 +0000 2022
kriptowarrior,"Küresel dev ABD, global enflasyona karşı faiz arttırımına devam ederken TCMB faizleri sabit tuttu.

Her masada varız 😂",Thu May 26 11:18:58 +0000 2022
kriptowarrior,"Kripto savaşçısı dostlarım.

Haftalık RSİ da dip bölge tam bulunmuş değil AYI sezonunda olduğumuz nettir diye düşün… https://t.co/WjtgDpj3xi",Thu May 26 09:15:00 +0000 2022
kriptowarrior,@hakancelk6034 Geçmiş olsun dostum,Wed May 25 23:11:12 +0000 2022
kriptowarrior,Bu saatte uyumayıp piyasa takibi yapan Kripto Savaşçısı Dostlarıma SELAM OLSUN.,Wed May 25 21:30:41 +0000 2022
LoyaTheTrader,@Para_Transferi 🥳🥳,Sun May 29 14:36:10 +0000 2022
LoyaTheTrader,Yarın LoyaTheTrader ailesi olarak e-mail üzerinden ilkini yayınlayacağımız haftalık kripto para bültenine hemen abo… https://t.co/Ig5fGpYSEV,Sun May 29 12:58:22 +0000 2022
LoyaTheTrader,@KaraMurat_1903 Çok haklısınız Murat bey... Luna olayı derin sarstı ancak kurumsal yatırımcı girdisini 2022'de çok… https://t.co/rqgTjrEblj,Sat May 28 20:04:57 +0000 2022
LoyaTheTrader,"@KaraMurat_1903 Bitcoin bu işin en temeli... Ethereum ise BlokChain'in 2.0'ı... 

Bu ikisinden birine bir zarar gel… https://t.co/SSOf8OL8bv",Sat May 28 20:00:10 +0000 2022
LoyaTheTrader,"Yeni bir boğa yaşanınca kulağımıza küpe olması gereken, bin nasihatten kıymetli bir musibet var: #luna olayı

Şu bi… https://t.co/Vy0MxqGOl7",Sat May 28 19:55:39 +0000 2022
LoyaTheTrader,"@Coinmatik1 @elonmusk Evet kıymetli hocam 

Arkası dönük olan resmi paylaştığında 69bindeydik. Ve oradan büyük bir… https://t.co/gGUseMUGip",Sat May 28 18:46:24 +0000 2022
LoyaTheTrader,"Elon Musk'ın bu twiti #bitcoin için yeni bir boğa koşusun habercisi olabilir mi? 

Detayları telegram adresimde yaz… https://t.co/y2UQ9PgTw5",Sat May 28 18:30:20 +0000 2022
LoyaTheTrader,"Büyük dönüşler herkesin bitti dediği yerde başlamıştır. 

En yakın örnek 2020 pandemi çöküşü. Dünyanın sonu geliyor… https://t.co/ZlqSADRb10",Sat May 28 12:22:14 +0000 2022
LoyaTheTrader,"RT @LoyaTheTrader: Pazartesi günü ilkini yayınlayacağımız bültene katılanlar arasından 3 kişiye 100 #usdt, toplamda 300$ çekiliş yapacağız.…",Thu May 26 19:05:18 +0000 2022
LoyaTheTrader,"Herkesin artık bitti dediği o tarihler büyük bir ralli koşusunun dibi olmuştu...

#bitcoin https://t.co/zMfpLHFzNy",Thu May 26 18:39:24 +0000 2022
LoyaTheTrader,Warren Buffet'ın nakitteki parasını hızla hisse senetlerine yatırması dibe olan yakınlığımızın habercisi olabilir.… https://t.co/qvvYWAu0BZ,Thu May 26 16:48:57 +0000 2022
LoyaTheTrader,"RT @Para_Transferi: Bütün sırrı çözdük‼️

60 hafta...
#bitcoin #btcusdt https://t.co/s1hpWtkifD",Thu May 26 12:27:44 +0000 2022
LoyaTheTrader,@mrvelerce Teşekkürler Merve :),Thu May 26 06:43:08 +0000 2022
LoyaTheTrader,"Pazartesi günü ilkini yayınlayacağımız bültene katılanlar arasından 3 kişiye 100 #usdt, toplamda 300$ çekiliş yapac… https://t.co/cUCvmBFHOx",Wed May 25 19:46:53 +0000 2022
LoyaTheTrader,"Bugüne kadar krizlerden sonra en hızlı toparlayan enstrüman #bitcoin oldu. 

Neden yine olmasın? https://t.co/TueU47RZmN",Wed May 25 19:31:38 +0000 2022
LoyaTheTrader,@Amator_trade https://t.co/meTRo71Hlh,Wed May 25 13:43:09 +0000 2022
LoyaTheTrader,@GkhanGkhn100 https://t.co/y3CDyEUt72,Wed May 25 13:42:28 +0000 2022
LoyaTheTrader,"@Para_Transferi Öyle... Ancak almamız gereken büyük dersler var 

Kural 1: Hiçbir proje güvenilir değildir",Wed May 25 13:39:29 +0000 2022
LoyaTheTrader,"JPMorgan: #Bitcoin'in şu an olması gereken fiyatı 38.000$

Kesinlikle öyle. #Luna olayı piyasaya çok büyük zarar ve… https://t.co/ibaSUfJh21",Wed May 25 13:28:04 +0000 2022
LoyaTheTrader,"Yaşanması muhtemel büyük bir boğa koşusunun dibi burası olabilir mi? 

#bitcoin #btcusdt https://t.co/ibXcOQ5grA",Mon May 23 16:36:59 +0000 2022
Kriptokoin,Haftalık #Altın Fiyatları Tahmini Geldi: Bu Seviyeler Kırılabilir! https://t.co/TamWggqJmt,Sun May 29 14:30:32 +0000 2022
Kriptokoin,#ElonMusk'tan İlham Alan Bu #Altcoin'ler Çöktü! İşte Tablo.. https://t.co/Bdl9VkCWjc,Sun May 29 14:02:22 +0000 2022
Kriptokoin,Analist: Uzun Vadeli Yatırımcılar Bu #Altcoin'den Alıyor! https://t.co/urAlbGEdbK,Sun May 29 13:30:25 +0000 2022
Kriptokoin,CEO'nun Açıklamasından Sonra Balinalar Bu #Altcoin'den Alıyor! https://t.co/MABGM4FulU,Sun May 29 13:01:16 +0000 2022
Kriptokoin,Ekonomist: #Bitcoin'i Sevmiyorum! Bu #Altcoin'de Alıyorum https://t.co/Q2TQtIPwzl,Sun May 29 12:30:25 +0000 2022
Kriptokoin,"2 Ekonomist: #Altın Fiyatı, Haziran'dan Sonra Bu Seviyelerde! https://t.co/5YJweULcJ1",Sun May 29 12:01:18 +0000 2022
Kriptokoin,#LUNA ve #UST Çöküşü Bu Aileleri Yok Etti: İntihar Ettiler! https://t.co/33HOtAYJe7,Sun May 29 11:34:28 +0000 2022
Kriptokoin,Yarın Bu 19 #Altcoin İçin Büyük Gün: İşte Olacaklar! https://t.co/lxVgbzLJEi,Sun May 29 11:10:26 +0000 2022
Kriptokoin,"""Şoklara Hazır Olun"" Analist, #Altın'da Bu Seviyeleri Bekliyor! https://t.co/CBUa2mMLd9",Sun May 29 10:40:53 +0000 2022
Kriptokoin,Ünlü Tahminci: #Bitcoin ve Bu 3 #Altcoin'de Büyük Satış Olacak! https://t.co/YDcIWce6rW,Sun May 29 10:09:04 +0000 2022
Kriptokoin,"İzleyin: Bu 9 Web3, Meme ve #Metaverse #Coin Fırladı! https://t.co/O886ZPIeDl",Sun May 29 09:45:36 +0000 2022
Kriptokoin,#CoinEx Charity’den Kitap Bağışı Etkinliği: İlk Durak Antakya! https://t.co/qb4H4l1nKX,Sun May 29 09:15:33 +0000 2022
Kriptokoin,Davos'ta Konuşuldu: #Cardano ve Bu 3 #Altcoin Sert Düşebilir! https://t.co/U3fsMxSxLO,Sun May 29 09:04:42 +0000 2022
Kriptokoin,#LUNA 2.0'da Gizli Kod Bulundu: #Terra Mucidi Konuştu! https://t.co/Q2uLfKULIm,Sun May 29 08:35:51 +0000 2022
Kriptokoin,"Güncel Piyasa Bilgisi 
@Bitcicom Katkılarıyla 

#Kripto para piyasası ile ilgili güncel ve detaylı bilgiler için👇
🔗… https://t.co/98LKEvebkt",Sun May 29 08:20:00 +0000 2022
Kriptokoin,"#ElonMusk, #Dogecoin İçin Beklenen 2. Haberi Verdi! https://t.co/22gh36F0Z1",Sun May 29 08:08:24 +0000 2022
Kriptokoin,"#Bitcoin Düşerken Türkler, FLOKI ve Bu #Altcoin'lere Koştu! https://t.co/SgFO49rZqn",Sun May 29 07:43:13 +0000 2022
Kriptokoin,Bu #Metaverse #Coin Önemli Ortaklık Duyurdu: İşte Detaylar! https://t.co/HJX81Y7DSb,Sun May 29 07:01:14 +0000 2022
Kriptokoin,Balinalar Arasında #Shiba Inu (#SHIB) Patlaması: Yüzde 122 Arttı! https://t.co/xsrIHK6Jua,Sun May 29 06:31:02 +0000 2022
Kriptokoin,Dünyaca Ünlü Analistler: #Altın Haftaya Bu Seviyeleri Yok Edebilir! https://t.co/ywMQqvanDa,Sun May 29 06:01:06 +0000 2022
CryptoSarelf,#LUNA neredeyse kısa yoldan zengin olma hayali olan herkesin parasını aldı. Fiyat çok arttı ama olanlar değişmedi h… https://t.co/oWUffL1QyB,Sun May 29 06:48:03 +0000 2022
CryptoSarelf,Yarın binance yeni #LUNA  yı listeliyor. Kimler kafaya koydu az da olsa alacak? 👇🌹,Sat May 28 17:27:57 +0000 2022
CryptoSarelf,Günaydın dostlar mutlu huzurlu hafta sonları diliyorum hepinize bol kazançlar. 🌹🤝,Sat May 28 07:57:24 +0000 2022
CryptoSarelf,Ayrıca #bitcoin ve total market cap ise yeterli likiditeyi henüz almadı. Ay kapanışı sonrası tekrar alttaki iğneye… https://t.co/PWgX9GkeFl,Fri May 27 19:20:23 +0000 2022
CryptoSarelf,LUNA olayı yeni token ve dağıtım İle üstü örtünmeye çalışılıyor. Pazartesi günü Binance listelemesi sonrası yeni bi… https://t.co/rJV7rRrT8q,Fri May 27 18:34:53 +0000 2022
CryptoSarelf,@ProfesorTurkmen @eness_turann Haziran toplantısından sonra ortalık yeşillenir sonbahara kalmayabilir🤝🌹,Fri May 27 14:57:48 +0000 2022
CryptoSarelf,Ayılar yoruldu ayılar bitkin.,Fri May 27 14:02:46 +0000 2022
CryptoSarelf,#Solana fakirin ethereumudur. 🌹🤝,Fri May 27 12:16:52 +0000 2022
CryptoSarelf,En iyi metaverse projeniz hangisi #mana yoksa #sand ?,Fri May 27 11:41:18 +0000 2022
CryptoSarelf,"Kripto piyasası böyle düşüş gösterirken trade etmekten vazgeçmiyoruz. 🤝🌹

Altın-dolar-gümüş-petrol işlemlerimi ücre… https://t.co/eCa7ifqPiL",Fri May 27 09:24:08 +0000 2022
CryptoSarelf,"Kötü günlerinde sonuna geliyoruz
Piyasada şuan %90 oranın üzerinde umutsuzluk ve korku var. Bu oran boğa piyasanın… https://t.co/BdDfHNclFH",Fri May 27 08:23:36 +0000 2022
CryptoSarelf,"Relaxxxxx :) 

Korkuda alın coşkuda satın. 🌹🤝

#Bitcoin",Fri May 27 07:26:43 +0000 2022
CryptoSarelf,"#Luna 2.0
Borsalar tarafından ciddi bir destek var. Bu fomo ile yükseliş kaçınılmaz. Ama yükselişlerde ayı oğlu ayı… https://t.co/wjTnLuHWzJ",Thu May 26 18:47:34 +0000 2022
CryptoSarelf,#Bitcoin mavi kutunun altına sarktık. Buralarda likidite toplayıp kırmızı kutuya kadar bir tepki hareketi gelmesi g… https://t.co/T6ar78O2ea,Thu May 26 14:08:34 +0000 2022
CryptoSarelf,Benzinde 1.42 TL daha zam gelecekmiş. Döviz olarak belki de çok ucuz bir ülkeyiz ama bu alım gücü bizde olmadığında… https://t.co/WHlcBO09TG,Thu May 26 12:07:01 +0000 2022
CryptoSarelf,Merkez bankası faizi %14'te sabit tuttu. Tüm dünya parasal sıkılaşmaya giderken bizim faizi sabit bırakmamız TL değ… https://t.co/9d9vGWML1p,Thu May 26 11:04:30 +0000 2022
CryptoSarelf,#Bitcoin range aralığında devam ediyor. Mavi kutuya odaklanın. Oranın altında 4H kapanış alttaki fitili doldurmaya… https://t.co/oyn2buF27U,Thu May 26 09:10:59 +0000 2022
CryptoSarelf,"#AVAX 

Gri kutu maalesef  kaybedildi. Mavi kutuya doğru hareketimiz devam edecek. Kırmızı çizgiler dinlenme noktal… https://t.co/UwIk8KFA2A",Thu May 26 06:41:06 +0000 2022
CryptoSarelf,"Günaydın kardeşlerim Bol kazançlar 🤝🌹

""İyi ve kaliteli insanlar ile oturup kalkın. Yalancı, vicdansız, kıskanç, ca… https://t.co/auO78h91yx",Thu May 26 06:23:22 +0000 2022
CryptoSarelf,FOMC tutanaklarından anladım ki FED ne olursa olsun enflasyonu düşürecek. Piyasada ki fazla parayı çektikten sonra… https://t.co/1zy5aEnVxX,Wed May 25 20:03:43 +0000 2022
Cointr,Wells Fargo'dan Kripto Para Uyarısı: Haziran'da Yatırımcıları Neler Bekliyor?   https://t.co/nvxuhxdQjG,Sun May 29 14:41:48 +0000 2022
Cointr,Ripple Davasındaki Son Gelişmeler! XRP Tahminleri!   https://t.co/ecGf2Xfp0q,Sun May 29 14:17:44 +0000 2022
Cointr,Kritik Metik 4 Yılın Dip Seviyesinde: 3 Analistten Çarpıcı Bitcoin Yorumu!   https://t.co/fHFB29ufCE,Sun May 29 13:46:39 +0000 2022
Cointr,Terra (LUNA) Bir Can Daha Aldı: 2 Milyon Dolar Buhar Oldu!   https://t.co/lkQeHSYl7b,Sun May 29 12:56:57 +0000 2022
Cointr,"Ethereum, Solana ve Bu Altcoin'in Yatırımcılarını İlgilendiriyor!   https://t.co/YWenJxRkRe",Sun May 29 12:02:08 +0000 2022
Cointr,ABD'li Ünlü Milyarder Bitcoin İddiasını Yineledi: Bu Seviye Mümkün!   https://t.co/gZSSb0aUkE,Sun May 29 11:56:19 +0000 2022
Cointr,Balina İstilası: DeFi Tabanlı 3 Altcoin Kapış Kapış Gidiyor!   https://t.co/rg4Q15XNSf,Sun May 29 11:01:44 +0000 2022
Cointr,İki Ay Sonra Bir İlk Yaşandı: Shiba Inu Yeni Bir Sürpriz Yapabilir!   https://t.co/1jyxfPIeS7,Sun May 29 10:02:18 +0000 2022
Cointr,"@cuneytozdemir @nftsummitist’daydı! 

Cüneyt Özdemir NFT Summit Etkinliğinde!

https://t.co/koQf9iZE8n",Sun May 29 09:41:14 +0000 2022
Cointr,Ripple (XRP)'da 2 Kritik Gelişme: Analistleren Dikkat Çeken Yorum Geldi!   https://t.co/RKAaNdywQY,Sun May 29 08:44:21 +0000 2022
Cointr,İşlem Ücretleri Sıfıra Yakındı! Rock’n’Verse Sum-Mint Coşkusu!   https://t.co/cNij871AND,Sun May 29 06:47:13 +0000 2022
Cointr,Tether (USDT) Tarafından Beklenen Açıklama Geldi!   https://t.co/oBIqj3v17l,Sat May 28 21:20:33 +0000 2022
Cointr,Terra İçin İlk Listeleme Geldi! Şimdi Sıra Diğer Borsalarda   https://t.co/yRMuvl60y6,Sat May 28 18:46:18 +0000 2022
Cointr,Ethereum için ücretler Son Yılların En Dip Seviyesinde   https://t.co/NKkRboJqsO,Sat May 28 14:11:54 +0000 2022
Cointr,Dünya Devi JP Morgan'dan Blockchain Adımı!   https://t.co/QZxwm9pzKB,Sat May 28 13:52:12 +0000 2022
Cointr,Yunanistan Eski Maliye Bakanı Varoufakis'ten Bitcoin Çıkışı: Kabus Olur   https://t.co/GdzsDGJuRk,Sat May 28 13:17:52 +0000 2022
Cointr,"Elon Musk'a Dogecoin Uyarısı: ""Dava Açılabilir""   https://t.co/S6I3Znn915",Sat May 28 12:36:32 +0000 2022
Cointr,Uzman Analist Uyardı: Bu Dört Altcoin'de %50 Düşüş Olabilir!   https://t.co/4MGyaRw9Bc,Sat May 28 12:16:15 +0000 2022
Cointr,Amerikalı Politikacılardan Çin'in Dijital Yuanına Karşı Sert Hamle   https://t.co/ZJ2VBwrbrr,Sat May 28 12:10:56 +0000 2022
Cointr,"RT @rocknverse: ❤️‍🔥 SUM-MINT IS LIVE! ❤️‍🔥

You will be able to mint for 24(??) hours from the link below. 🍻

ONLY 333 NFT's, HURRY UP! 🕚…",Sat May 28 12:02:02 +0000 2022
KoinBulteni,"📍 Türkiye’nin Bu Hafta En Çok Aradığı 10 #Altcoin (28 Mayıs)

https://t.co/QZKN6j91eI",Sat May 28 19:01:00 +0000 2022
KoinBulteni,"📍 #LUNA ve #UST Çöküşüne Ne Sebep Oldu?: Nansen Raporu

https://t.co/h0z6VA5rgl",Sat May 28 17:12:28 +0000 2022
KoinBulteni,"📍 Bu hafta en çok kazanan 5 yatırımcı (28 Mayıs)

https://t.co/UTrJvygpZA",Sat May 28 16:00:00 +0000 2022
KoinBulteni,"📍 Binance açıklamasına göre Terra 2.0 (LUNA), 31 Mayıs 2022 tarihinde Türkiye saati ile 09:00'da Innovation Zone platformunda listelenecek.",Sat May 28 15:18:02 +0000 2022
KoinBulteni,"📍 #Terra 2.0 ağının token'ı #LUNA 30 dolara ulaştı

https://t.co/pdeC8tKDlp",Sat May 28 12:07:09 +0000 2022
KoinBulteni,"📍 Bu hafta en çok kaybettiren 10 #altcoin (28 Mayıs)

https://t.co/WqpkRNDHqi",Sat May 28 10:09:02 +0000 2022
KoinBulteni,"📍 Ripple Avukatı, Dogecoin (#DOGE) paylaşımının ardından Elon Musk'ı uyardı

https://t.co/D74kLHTvOK",Sat May 28 09:26:36 +0000 2022
KoinBulteni,"📍 #Terra 2.0 Mainnet'i resmen çalışmaya başladı

https://t.co/Nih08ndi3A",Sat May 28 06:47:34 +0000 2022
KoinBulteni,📍 $LUNA 2.0 mainnet’i çalışmaya başladı,Sat May 28 06:12:29 +0000 2022
KoinBulteni,"📍 #Dogecoin, Polkadot’u geçerek ilk 10 kripto para arasına girdi.",Fri May 27 20:24:47 +0000 2022
KoinBulteni,"📍 Piyasadaki düşüş, lending yapanları da etkiliyor: BlockFi, faiz oranlarında kesintiye gidiyor
https://t.co/LKQBbvUV8u",Fri May 27 15:50:21 +0000 2022
KoinBulteni,"📍 #Binance, İtalya’da lisans aldığını duyurdu",Fri May 27 15:48:41 +0000 2022
KoinBulteni,"📍 USDT artık Polygon ağında da kullanılabiliyor
https://t.co/pSNO6ErR7t",Fri May 27 15:38:40 +0000 2022
KoinBulteni,"📍 Elon Musk Tesla ürünlerinin #Dogecoin ile alınabildiğini, yakında SpaceX için de kullanılacağını söyledi",Fri May 27 15:32:52 +0000 2022
KoinBulteni,"📍 Coinbase yetkilileri, 1.2 milyar dolarlık hisse satışı gerçekleştirdi - WSJ

https://t.co/2kmeqfdApN",Fri May 27 15:00:00 +0000 2022
KoinBulteni,"📍 #UST aldırdığı için özür dileyen CEO'dan 2.5 milyonluk #Bitcoin tahmini için yeni özür

https://t.co/DJUQpIrU9Z",Fri May 27 14:30:39 +0000 2022
KoinBulteni,"📍 Türkiye Odalar ve Borsalar Birliği (TOBB) Başkanı Rifat Hisarcıklıoğlu, metaverse hakkında açıklamalar yaptı

https://t.co/fp1CRV8O2e",Fri May 27 13:36:57 +0000 2022
KoinBulteni,"📍 Yürüyerek para kazandıran STEPN (#GMT) nedir? 

https://t.co/HPq5c4tjzF",Fri May 27 12:32:16 +0000 2022
KoinBulteni,"📍 Milyarder Bill Miller: #Bitcoin (BTC) finansal felakete karşı ""sigorta""

https://t.co/cBSfKB7Sbz",Fri May 27 11:40:19 +0000 2022
KoinBulteni,"📍 #Terra'dan yeni açıklama: #LUNA 2.0, 28 Mayıs'a ertelendi

https://t.co/kaYtIMI5CT",Fri May 27 09:44:42 +0000 2022
BTCHabercom,"Film şirketi Versus Entertainment, 'The Infinite Machine' isimli kripto konulu film projesini #NFT'ler ve… https://t.co/zQaieCYodo",Sun May 29 14:32:00 +0000 2022
BTCHabercom,"The Sandbox (@TheSandboxGame) NFT Summit Istanbul’da! 

@nftsummitist #NFTSummit #NFTSummitIst #NFTSummitIstanbul https://t.co/EQik2Nnc94",Sun May 29 14:24:24 +0000 2022
BTCHabercom,"Geçtiğimiz hafta kripto para sektöründe yaşanan önemli gelişmeleri sizler için derledik. 

https://t.co/usXGYhgV3Y",Sun May 29 14:02:00 +0000 2022
BTCHabercom,"@nrglyslcy @nftsummitist Detaylar için:

https://t.co/MbBvbl3KSI",Sun May 29 13:34:15 +0000 2022
BTCHabercom,"#NFTSummitIst 2022’de Nurgül Yeşilçay’a (@nrglyslcy)

🔸 NFT’ye başlama hikayesini,
🔸 Gelecekteki NFT projelerini so… https://t.co/H5WM8Og9Wo",Sun May 29 13:32:56 +0000 2022
BTCHabercom,"@YetiSwap @MrJustP @nftsummitist Detaylar için: 

https://t.co/JJOFRnteAb",Sun May 29 13:21:18 +0000 2022
BTCHabercom,"#NFTSummitIst 2022’de Yeti Swap’ten (@YetiSwap) Eser Karlık’a (@MrJustP)

🔸 NFT’lerin geleceğini,
🔸 Blockchain tekn… https://t.co/gWdP6g6VMC",Sun May 29 13:20:10 +0000 2022
BTCHabercom,"Galaxt Digital’in kurucusu ve CEO’su Mike Novogratz, Bitcoin’in (#BTC) kripto rallisine öncülük edeceğini aktardı.

https://t.co/QD1NyCoHt5",Sun May 29 12:54:00 +0000 2022
BTCHabercom,"#Kızılay, #Meta ile anlaşma yaparak Facebook, Instagram ve Whatsapp üzerinden eğitimler vereceğini ve #metaverse'e… https://t.co/meQiomubRB",Sun May 29 11:45:00 +0000 2022
BTCHabercom,"Istanbul Blockchain Women (@istbcw) NFT Summit Istanbul’da “Cinsiyetsiz Zincir” panelinde.

#NFTSummit… https://t.co/1gyfo9Ead4",Sun May 29 11:15:42 +0000 2022
BTCHabercom,"ABD’li milyarder yatırımcı Tim Draper, #Bitcoin hakkında konuşarak #BTC'nin 2022’nin sonuna kadar 250.000 doları gö… https://t.co/Qyi7SaLGF1",Sun May 29 10:13:00 +0000 2022
BTCHabercom,"Yüzde 70 enflasyon, 16,45’i test etmiş dolar/TL kuru ve karşısında beklenilen yeni ürün. Enflasyon ve kur görüldü a… https://t.co/byiDVpLjpx",Sun May 29 10:01:00 +0000 2022
BTCHabercom,"Dün yayına giren Terra’nın (#LUNA) yeni canlandırma planı Terra 2.0, yüzde 70'in üzerinde düşüşle başlangıç yaptı.

https://t.co/NuAUMXml9z",Sun May 29 08:38:00 +0000 2022
BTCHabercom,Vedat Güven (@vedatguven) ve Elçin Karatay (@elcin_karatay) NFT Summit Istanbul’da regülasyon konusunu anlatıyor.… https://t.co/49DnrSeQvW,Sun May 29 08:09:44 +0000 2022
BTCHabercom,NFT Summit Istanbul’da Cüneyt Özdemir (@cuneytozdemir): 10 yıl sonra aynı şekilde gazetecilik yapmayacağımı biliyor… https://t.co/BUCGAyzCx5,Sun May 29 07:18:05 +0000 2022
BTCHabercom,"#Cardano #TVL, kripto piyasasındaki durgunluk ve bu durgunlukla birlikte gelen yatırımcı ilgisindeki düşüş nedeniyl… https://t.co/44RGskJjdB",Sun May 29 07:07:00 +0000 2022
BTCHabercom,NFT Summit Istanbul’un 2. gününde Elif Hilal Umucu (@elifhilalumucu @chainlink): #Blockchain bilmek hayata olan bak… https://t.co/77dw7swPyz,Sun May 29 06:52:03 +0000 2022
BTCHabercom,"Detaylar için:

https://t.co/Msp3Kgi8qZ",Sat May 28 19:45:24 +0000 2022
BTCHabercom,"#NFTSummitIst 2022’de (@nftsummitist) Taylan Yıldız’a (@taylanyildiz)

🔸 Türkiye’deki DAO teknolojilerini,
🔸 Merkez… https://t.co/OChYqpbSOq",Sat May 28 19:44:10 +0000 2022
BTCHabercom,"@kuzeylidali @HBKahraman Detaylar için:

https://t.co/F0VA6Dk0pT",Sat May 28 19:32:06 +0000 2022
Coinnethaber,"#LUNA 2.0, listelemeden sonra ciddi düşüş yaşadı https://t.co/CAyDVmHBFW",Sun May 29 14:35:21 +0000 2022
Coinnethaber,"Nicole #Buffett, #NFT Sanatına olan Fikrini ve Sevgisini Paylaşıyor https://t.co/xCdwWAghqY",Sun May 29 11:38:59 +0000 2022
Coinnethaber,"Kripto para piyasalarının üzerindeki kara bulutlar bir türlü dağılmıyor. #AAVE, üç gün boyunca milyonlarca dolarlık… https://t.co/TjDDFK9a1F",Sun May 29 10:36:30 +0000 2022
Coinnethaber,"#Paraguay, #Kripto Düzenleme Yasasını Onayladı https://t.co/ulKx3pxR89",Sun May 29 09:44:41 +0000 2022
Coinnethaber,"Tahminlere göre, #Kripto Madencileri #Rusya'daki Elektrik Tüketiminin % 2'sinden Fazlasını Oluşturuyor https://t.co/sAULNxSeso",Sat May 28 20:35:04 +0000 2022
Coinnethaber,"#GalaxyCapital'den Mike #Novogratz, ABD #Fed'in Sıkılaştırma Politikasını Duraklatmasıyla #Bitcoin'in Bir Sonraki R… https://t.co/UtfnW9HzoT",Sat May 28 17:02:45 +0000 2022
Coinnethaber,"Amerika Birleşik Devletleri’nde üç Cumhuriyetçi Senatör, Çin’in ürettiği #CBDC #e-CNY için uygulama mağazası yasağı… https://t.co/cKnxXxUfrw",Sat May 28 11:34:57 +0000 2022
Coinnethaber,"#Rusya, Uluslararası Anlaşmalar İçin #Kripto Para Birimlerini Kullanmayı Düşünüyor https://t.co/TJ011O5b7m",Sat May 28 10:54:19 +0000 2022
Coinnethaber,"#Binance İtalya içerisinde faaliyet gösterebilmek için gerekli izinleri aldığını duyurdu. Kripto para borsası, böyl… https://t.co/p5L9IqPAxY",Sat May 28 10:16:26 +0000 2022
Coinnethaber,"#İsveç Merkez Bankası, #Bitcoin’in Para Birimi Olduğuna İnanmıyor https://t.co/aKmkk8gFcZ",Sat May 28 07:39:42 +0000 2022
Coinnethaber,"BIT Mining, İlk Çeyrekte Yüzde 40 Düşük Ciro Açıkladı https://t.co/oiwfDlWE95",Fri May 27 16:44:56 +0000 2022
Coinnethaber,Balenciaga BTC ve ETH Ödemelerini Kabul Edecek https://t.co/Au9FMwVIoT,Fri May 27 16:03:09 +0000 2022
Coinnethaber,"ÇEKİLİŞ👏
Okuyucularımızdan gelen yoğun talep üzere;
5 adet #Bitcoin  Logolu Masa Lambası daha hediye🎁🎁 ediyoruz

 1… https://t.co/zXeTqsbK0n",Fri May 27 15:42:54 +0000 2022
Coinnethaber,"Kripto para borsası https://t.co/eTr21Wl1YB, yeni Ethereum tabanlı bir altcoin’i listeye aldığını duyurdu. Bu altco… https://t.co/oXMU2pYCMp",Fri May 27 15:28:58 +0000 2022
Coinnethaber,"#STEPN, Çinli kullanıcıları 15 Temmuz'a kadar engelleyecek. #GMT https://t.co/zbjEruqDbi",Fri May 27 15:25:19 +0000 2022
Coinnethaber,#Terra #Luna 2.0 Güvenleri Tekrar Kazanabilecek Mi? https://t.co/6yRgjNguCK,Fri May 27 14:38:02 +0000 2022
Coinnethaber,"#EasyFi Blend, #GamyFi için 90 Günlük Sabit #Stake Programı Sunuyor https://t.co/4YkklESLee",Fri May 27 13:43:40 +0000 2022
Coinnethaber,#Tether'in #USDT #stablecoin'i #Polygon'da piyasaya sürüldü https://t.co/Ztnvnbaz4u,Fri May 27 13:11:45 +0000 2022
Coinnethaber,"#Terra Topluluğu, 1,3 Milyar #UST #Token Yakmak İçin Oy Verdi https://t.co/ExCTzRJT1V",Fri May 27 12:50:25 +0000 2022
Coinnethaber,#MarkZuckerberg: ”#Metaverse Kısa Vadede Önemli Kayba Neden Olacak” https://t.co/upqmGMqO2k,Fri May 27 11:17:43 +0000 2022
KriptoTurk_TR,"😂😂😂😂 çok iyi bee ""Yöresel beatbox"" bu kötü piyasada biraz neşemiz yerine gelsin dedim😁👍 https://t.co/fdQiFJugJO",Sat May 28 21:21:24 +0000 2022
KriptoTurk_TR,@barisbuyuktas ahahaha çok iyi tespit hocam 👍,Fri May 27 10:46:28 +0000 2022
KriptoTurk_TR,#btc 15 min. https://t.co/80dX2bGo0o,Wed May 25 14:37:43 +0000 2022
KriptoTurk_TR,@bsc_trader cana geleceğine mala gelsin hocam tekrar geçmiş olsun🙏,Tue May 24 19:52:10 +0000 2022
KriptoTurk_TR,@bsc_trader hayırdır inşallah yoktur kötü birşey umarım,Tue May 24 19:34:57 +0000 2022
KriptoTurk_TR,@CryptooSun işte seni takip etmemin sebeplerinden biri 🫶👏,Tue May 24 19:34:12 +0000 2022
KriptoTurk_TR,bide oradan geçireceğim diyosun yani.. e iyii 😂 https://t.co/MXs7MEnxoM,Tue May 24 10:55:33 +0000 2022
KriptoTurk_TR,@CryptooSun Allah bağışlasın hocam evlat gibisi yoktur tüm stresi dertleri unutuyor insan..,Mon May 23 22:22:22 +0000 2022
KriptoTurk_TR,30k bir aile oldugumuzda gizli profilden çıkacağım.,Mon May 23 20:03:14 +0000 2022
KriptoTurk_TR,@KriptoFati ahahahssgshsshsh,Mon May 23 19:22:08 +0000 2022
KriptoTurk_TR,tünaydın bol kazançlı bir hafta olsun inşallah 👍❤️,Mon May 23 09:43:55 +0000 2022
KriptoTurk_TR,@Duffytrader çok geçmiş olsun dafim,Sun May 22 13:45:06 +0000 2022
KriptoTurk_TR,@milyonerzihin hocam yine formunda 😁 https://t.co/AnSwqBlKMp,Sun May 22 11:35:47 +0000 2022
KriptoTurk_TR,Günaydın gençler hayırlı huzurlu bir pazar olması dileğiyle.. ❤️,Sun May 22 06:11:20 +0000 2022
KriptoTurk_TR,@RaindropCrypto günaydın hocam 👍,Sun May 22 04:46:00 +0000 2022
KriptoTurk_TR,@FTX_TR @KriptoFati sakalımız yok diye nazımızda geçmiyor galiba ? hani bize @FTX_TR https://t.co/Z7QMJiYvJ7,Sat May 21 22:09:21 +0000 2022
KriptoTurk_TR,@kriptoBurju sendeki potansiyeli hepimiz biliyoruz abla ama gerek yok şimdi nazar felan değer 😁❤️,Fri May 20 22:22:31 +0000 2022
KriptoTurk_TR,@Duffytrader @hodlerr0 pov: all in $avax almışımdır.,Fri May 20 19:11:23 +0000 2022
KriptoTurk_TR,"Selam gençler piyasa yine hacimsiz, can sıkıcı. Her yaz olduğu gibi bu yazda piyasa hacimsiz olacak gibi.. STOPLU b… https://t.co/VOlT3T2Up8",Fri May 20 17:20:32 +0000 2022
KriptoTurk_TR,Günaydınlar ☺️ 19 Mayıs Atatürkü Anma Gençlik ve Spor Bayramımız kutlu olsun ❤️,Thu May 19 08:28:52 +0000 2022
Vforrkripto,"-Kendilerine ait cüzdanları , Oyun platformları ve Daha bir çok özelliğe sahip 🔹@Lovely_finance 

#Certik sertifika… https://t.co/HtgAJa8Jcp",Sun May 29 12:02:28 +0000 2022
Vforrkripto,"Herkese Mutlu Pazarlar , Günaydınlar ☀️ 

-Antalya'ya tekrar döneceğiz;
Ayrıca Antalya'da Her Yerde Naif Şekilde Ka… https://t.co/KlZ4lJdefy",Sun May 29 07:52:04 +0000 2022
Vforrkripto,"Boğa'da Kazandıklarımızı alıp kenara çekilseydik şimdi çok mutlu mesut degil miydik?

Boğa döngüleri en az 3 yıllık… https://t.co/EYUaNnBI8n",Sat May 28 19:11:00 +0000 2022
Vforrkripto,"İncelemenizi tavsiye ederim.

https://t.co/KCJA1rj1gP

Telegram Türkiye Kanalı : https://t.co/4Lc2hfywGT

Global ka… https://t.co/ZRNkKM2ofx",Sat May 28 18:14:48 +0000 2022
Vforrkripto,"$NTX coin @NitroExOfficial borsasının yerel Tokenidir. Borsanın Hedefi İlk 20 deki Borsalara Tokenlerini Sokmak.

-… https://t.co/fVyasWQauo",Sat May 28 18:14:47 +0000 2022
Vforrkripto,@metehan58392450 Ay sonunda alım satıma açılacak şimdilik problem yok,Sat May 28 16:25:28 +0000 2022
Vforrkripto,"İnsanların paraları sıfırlandı emeğiyle çalışarak kazanılan paraları buhar oldu.

Buna #Binance 'de çanak tuttu ,
B… https://t.co/MAyUZqgcjW",Sat May 28 16:19:46 +0000 2022
Vforrkripto,"Tünaydın Herkese ☀️🙌
Bugün Antalyadayız Dostlar.

Piyasada Her Zaman Ki Gibi.

Herkes  Güzel Bir Manzara Bıraksın Y… https://t.co/H7728dMsNx",Fri May 27 08:47:14 +0000 2022
Vforrkripto,"@BlntBaysal06_06 @baltaligurkan Bunu sakladığımı kimse diyemez ki.
Zarar ettigimizi kimse saklamıyor ama daha fazla… https://t.co/GPolkRkT6N",Thu May 26 14:35:29 +0000 2022
Vforrkripto,@eskobarrrrr çok teşekkür ederim,Thu May 26 14:24:53 +0000 2022
Vforrkripto,@baltaligurkan Bir tek sen iyi takip ettin sanırım,Thu May 26 14:19:35 +0000 2022
Vforrkripto,"1) 30500$ üzerine atmadan alım yapmam.

2) Beklediğim 18-22k gelirse tepkiyi izler ,  hareket ederim.

Düşüşleri %1… https://t.co/87GVHgJTjN",Thu May 26 12:54:01 +0000 2022
Vforrkripto,Geri sayım takip edebileceğiniz link: https://t.co/CssDuLAa5v,Thu May 26 11:58:41 +0000 2022
Vforrkripto,"#PigeInu 🐖 2 saat içinde LBank'ta listeleniyor!

Son Dönemde En İyi Kar Ettiğimiz #Gem ' Lerden Biri Oldu.

50Milya… https://t.co/biwhTkv5tX",Thu May 26 11:58:40 +0000 2022
Vforrkripto,"-Merkez Bankası Kararından Sonra DolarTL Hareketlendi.

-Dolar Hedefini bu şekilde vermiştik 16.6 kırılımı gelirse… https://t.co/4EU96K8EPe",Thu May 26 11:23:36 +0000 2022
Vforrkripto,"-Hayatım'da En çok Değer Verdiğim Mavevi Değeri Bilen Rastgele Bir Kişiye 

Ailesiyle Birlikte Bir Jest yapacağım ,… https://t.co/bxejMALqSu",Wed May 25 18:30:26 +0000 2022
Vforrkripto,"#Bitcoin  'de 2025 'e Kadar Mega Boğa Yaşayacak ! 100k +

Hayır         Belki         Evet",Wed May 25 18:24:21 +0000 2022
Vforrkripto,"📈@everbitcoinbsc 
-Bsc ağında #HODL ettikçe BTC Ödülü Veren Bir Proje , Cmc başvurusu Yapıldı.
-Düşük Marcatcap bir… https://t.co/Sg1GoPcygz",Wed May 25 17:34:17 +0000 2022
Vforrkripto,"-Sorumluluk Sahibi , Planlarına Sadık Kişiler Bu Kötü Günleri Atlatacak.

-Sürekli Al-Sat Yapan ve Marjinde Son Bir… https://t.co/GzzQfsvxVP",Wed May 25 09:28:11 +0000 2022
Vforrkripto,"@CntNalbantoglu9 Öldürmeyen acı bizi güçlendirir, hepimiz insanız hepimiz bu durumları yaşarız ama hep derim asla pes etmeyiz..",Tue May 24 18:42:28 +0000 2022
Bycoinhunter,@deeproket @vemutlu Hakkımı yeme 4 oranı gorunce ben de yüklü girdim 😀,Sat May 28 22:18:47 +0000 2022
Bycoinhunter,@vemutlu Yine çoğunluğun beklentisini terse yatırdılar,Sat May 28 21:35:41 +0000 2022
Bycoinhunter,@vemutlu Kriptoda hacim olmayınca biz https://t.co/po6b2Mxutm,Sat May 28 20:18:12 +0000 2022
Bycoinhunter,"Çok üzücü haber.

Sürdürülemez $UST faizini ısrarla savunanların aldığı vebal çok fazla. 

$LUNA'dan sonra yeni bir… https://t.co/wVBvGdAjd0",Fri May 27 16:25:24 +0000 2022
Bycoinhunter,"@0xEreth @MNZToken @bloktopia https://t.co/UbN8jvLkZU

Sadece gülüyorum",Fri May 27 15:36:38 +0000 2022
Bycoinhunter,@KriptoShrek_ @MNZToken @bloktopia Yakında 500x 1000x koyarsam kızmak yok ama baştan net söylüyorum?,Fri May 27 15:00:46 +0000 2022
Bycoinhunter,"👟Yakın Takibimde: @MNZToken

@Bloktopia gibi devlerin yatırım yaptığı bu projeyi de ön satışından mutlaka değerlend… https://t.co/xsVlKldhKp",Fri May 27 14:58:36 +0000 2022
Bycoinhunter,"Sayısız listeleme gördüm.

İlk kez bir projenin sadece 55k$ initial mcap ile büyük borsalarla anlaştığını görüyorum… https://t.co/HVuWfGgKmO",Fri May 27 14:15:56 +0000 2022
Bycoinhunter,"@KriptoSesu Rtledim.

Açıklama samimi geldi.",Thu May 26 20:54:10 +0000 2022
Bycoinhunter,RT @KriptoSesu: Ekip yürümeyen sadece mint yapan hesapları sevmiyordu çünkü uygulamanın amacına ters düşüyordu.  Çin tayfa ise sadece mint…,Thu May 26 20:53:52 +0000 2022
Bycoinhunter,@vemutlu Sen Çin'i savundun!!! https://t.co/8iG4dqIdsq,Thu May 26 20:43:43 +0000 2022
Bycoinhunter,"#move2earn'e karşı çok ön yargı var.
Bu doğru değil

$FITFI için de yazdıklarımı iletiyorum.

Bu tarz alım-satımlar… https://t.co/cjqI8FrHrn",Thu May 26 20:23:55 +0000 2022
Bycoinhunter,"@AnKirimli @vemutlu Ekip hatalı karar aldı.

Bu kırılgan piyasada bu tweete gerek yoktu.

Doğruya doğru, yanlışa da yanlış demek lazım.",Thu May 26 20:05:46 +0000 2022
Bycoinhunter,"@vemutlu Kimsenin zarar etmesini ben istemem ama kırılgan piyasada böyle bir sert habere bence gerek yoktu.

Zaten… https://t.co/QC1k2Sv78c",Thu May 26 19:55:15 +0000 2022
Bycoinhunter,@VFORHOOP Çok erken paylaşsam tek başıma 500m$ projeyi çökerttiğimi iddia eden sivri zekalı arkadaşlar da çıkacaktı… https://t.co/1fV9GtpK1i,Thu May 26 19:33:54 +0000 2022
Bycoinhunter,"STEPN haberini paylaştığımda zaten %35 düşmüştü.

Burada sitem gösterecekseniz bana değil. 

Sert bir üslupla Çin'd… https://t.co/TY9Vbp3mT5",Thu May 26 19:26:22 +0000 2022
Bycoinhunter,"@Ooffoff28 İnsanlar rahatlasın diye yapmacık yorumlara gerek yok.

LUNA ve UST konusunda insanlar rahatlasın diye s… https://t.co/nlPYIjcyiI",Thu May 26 19:20:45 +0000 2022
Bycoinhunter,"İddialara göre bu istek ve yaptırım Çin'den değil #STEPN projesinden gelmiş ve uygulanmış.

Çin yasağı olmasa da, i… https://t.co/BKu0y9frc4",Thu May 26 19:15:04 +0000 2022
Bycoinhunter,"Çin'den yeni bir yasak daha.

#STEPN Çinli kullanıcılara 15 Temmuz itibariyle yasaklanacak.

Duyuru sonrası $GMT'de… https://t.co/KxvUg2iYeH",Thu May 26 19:03:00 +0000 2022
Bycoinhunter,RT @thearreatsummit: 1/25 Bugün market psikolojisi üzerine konuşmak istedim ve her zamanki gibi elimden geldiğince yüzeysel olmamasına gayr…,Thu May 26 11:34:09 +0000 2022
Eralpbuyukaslan,@ankara_kusu 😅,Sun May 29 10:42:53 +0000 2022
Eralpbuyukaslan,@tufanpoyrazz Bak bunun altina imza atilir 👏,Sun May 29 09:40:03 +0000 2022
Eralpbuyukaslan,@ibalci55 😅👏,Sun May 29 07:23:51 +0000 2022
Eralpbuyukaslan,@KardesBaris 🙏,Sat May 28 19:09:28 +0000 2022
Eralpbuyukaslan,@KardesBaris Senin samimiyetinden suphesi olan yoktur guzel kardesim😊 aynen devam..,Sat May 28 18:38:44 +0000 2022
Eralpbuyukaslan,@KardesBaris Haydi hayrlisi 🙏,Sat May 28 18:31:12 +0000 2022
Eralpbuyukaslan,"@ProfessorTrk Estagfurullah abi, emegi takdir etmeyecegiz de neyi takdir edecegiz? 😊 tebrik ederim, yolunuz acik olsun 🙏",Sat May 28 18:28:13 +0000 2022
Eralpbuyukaslan,"@ProfessorTrk Super haber, umarim en kisa zamanda deneyebiliriz 🙏😊",Sat May 28 18:26:35 +0000 2022
Eralpbuyukaslan,@blockerfa @FinanceChainge Bu kadar is yapip bu kadar az bilinen bir proje daha yoktur herhalde 😅,Sat May 28 18:24:00 +0000 2022
Eralpbuyukaslan,@RemziCakmak4 @ProfessorTrk Hele bir hafta acilsin bakacagiz,Sat May 28 18:22:00 +0000 2022
Eralpbuyukaslan,@ProfessorTrk Hayirli olsun Tarik👏 algoritmalarin tradingteki agirligi her gecen gun artiyor. Yabanci 2 tane bot tr… https://t.co/q1XNKqdPzb,Sat May 28 18:17:52 +0000 2022
Eralpbuyukaslan,@Ekin96X ✌️,Sat May 28 15:20:06 +0000 2022
Eralpbuyukaslan,@Kafkas310 @Cryptosocy cryptosocyde paylasılan lınkler ıle her zaman ızleyebılırsınız,Sat May 28 12:47:23 +0000 2022
Eralpbuyukaslan,"Özellikle Ekip, Gelecek Vizyonu ve Token Ekonomisi konularında çok başarılı bulduğum @vtmetaverse projesini orta ve… https://t.co/Ls0oIFkMz4",Sat May 28 12:44:23 +0000 2022
Eralpbuyukaslan,@emrico80 @Cryptosocy Already did bro 😅✌️,Sat May 28 08:59:35 +0000 2022
Eralpbuyukaslan,@t24comtr Makbul sanatci 🙃,Sat May 28 08:29:47 +0000 2022
Eralpbuyukaslan,"RT @Cryptosocy: ⏰ On-Chain Sohbetleri programının 29. Bölümü bugün saat 12:00'de!

📚 BTC arzının karlılık oranının %55 olması bize ne anlat…",Sat May 28 08:11:32 +0000 2022
Eralpbuyukaslan,@serdalcn @Cryptosocy Cryptosocy'ye uye olmaniz gerekiyor,Sat May 28 05:31:11 +0000 2022
Eralpbuyukaslan,@suleymanyk15 @Sabah Keske olmasaymis.. umarim bu sizler icin bir ders olur guzel kardesim..,Sat May 28 05:30:19 +0000 2022
Eralpbuyukaslan,@burak_tamac 👏👏👏,Fri May 27 21:50:42 +0000 2022
Cryptosocy,"RT @burak_tamac: 🗞️1dk'da haftanın en önemli haberinin #Bitcoin 'e etkisini öğrenin!

https://t.co/Lt4RoB2yYQ

Beğeniyorsanız eğer paylaşır…",Sat May 28 17:22:44 +0000 2022
Cryptosocy,"⏰ On-Chain Sohbetleri programının 29. Bölümü bugün saat 12:00'de!

📚 BTC arzının karlılık oranının %55 olması bize… https://t.co/dznWvJ4GWH",Sat May 28 07:00:02 +0000 2022
Cryptosocy,"⏰ Eralp Büyükaslan ile Altcoin Analizi programımız bugün saat 16:00'de! 

📈 Bu program Pro üyelerimize özel.
Katılı… https://t.co/VKquJ0KmlR",Fri May 27 10:30:00 +0000 2022
Cryptosocy,"RT @CryptoQuant_TR: #QUIZ

Piyasa Değerinin Ağdaki İşlem hacmine bölünmesiyle elde edilen gösterge hangisi?

Detaylı bilgi için CryptoQuant…",Wed May 25 18:33:03 +0000 2022
Cryptosocy,"RT @KriptoMevsimi: Dün CQ üzerinden yaptığımız NVT Golden Cross değerlendirmesi @Cointelegraph 'ta yer bulmuş. #BTC 

https://t.co/enSgp4EP…",Wed May 25 14:11:28 +0000 2022
Cryptosocy,"🔔  Bugün 16:00'da Discord kanalımızda Soru Cevap etkinliğimize bekleriz!

Eğitmenimiz @eralpbuyukaslan sizlerden ge… https://t.co/2EMXm52M26",Tue May 24 10:30:00 +0000 2022
Cryptosocy,"RT @burak_tamac: 🗞️1dk'da haftanın en önemli haberinin #Bitcoin 'e etkisini öğrenin!

https://t.co/Rv65aKk8ZK

Beğeniyorsanız eğer paylaşır…",Sun May 22 16:38:35 +0000 2022
Cryptosocy,"⏰ On-Chain Sohbetleri programının 28. Bölümü bugün saat 13:00'te! 

📚 On-Chain ve vadeli piyasalarda durum değerlen… https://t.co/aSrng4bIDh",Sun May 22 08:56:18 +0000 2022
Cryptosocy,"⏰ Eralp Büyükaslan ile Altcoin Analizi programımız bugün saat 12:00'de! 

📈 Bu program Pro üyelerimize özel.

Katıl… https://t.co/lvgjD2LvIT",Fri May 20 07:00:00 +0000 2022
Cryptosocy,"RT @CryptoQuant_TR: #QUIZ

Borsaya giren ve çıkan koinler arasındaki farkı gösteren veri hangisi?

Detaylı bilgi için CryptoQuant Veri Rehb…",Thu May 19 18:31:09 +0000 2022
Cryptosocy,"RT @coinexactly: Beğenme rt hesap takip etme şartı şurtu yok .Hiç bir şey yapmanıza gerek yok😉
10 kişiye 1 aylık @Cryptosocy Üyeliği veriyo…",Thu May 19 12:40:55 +0000 2022
Cryptosocy,"RT @burak_tamac: Bitcoin maksimalistleri dediğiniz kişiler bas bas bağırıyordu burada ponzi var diye (örnek @LynAldenContact) 

Paranızı ko…",Wed May 18 12:55:28 +0000 2022
Cryptosocy,"⏰ Cryptosocy Global programının 31. Bölümü bugün saat 16:30'da! 

📚 Resesyon riskinin artması Fed ve Bitcoin'i nası… https://t.co/iEglORTGsT",Wed May 18 11:26:07 +0000 2022
Cryptosocy,"📌Cryptosocy ile Haftaya Bakış yayını bu akşam saat 20:30'da!

Katılmak için 👉🏻 https://t.co/wNuH6bTnhj

Yayında gör… https://t.co/nNA4EApZ2e",Tue May 17 17:08:30 +0000 2022
Cryptosocy,"🔔  Bugün 16:00'da Discord kanalımızda Soru Cevap etkinliğimize bekleriz!

Eğitmenimiz @eralpbuyukaslan sizlerden ge… https://t.co/Q8jb8oKXkr",Tue May 17 10:00:30 +0000 2022
Cryptosocy,"Günaydın. Gün böyle başladı 👀

#cryptosocy @coinexactly #Bitcoin #cryptocurrency https://t.co/fNRH6gNnpg",Mon May 16 06:16:39 +0000 2022
Cryptosocy,"RT @burak_tamac: 🗞️1dk'da haftanın en önemli haberinin #Bitcoin 'e etkisini öğrenin!

▶️""Bitcoin’in düşüşü hisse piyasalarındaki düşüşün şi…",Thu May 12 17:58:15 +0000 2022
Cryptosocy,"*Programımız saat 15:00'te! 

https://t.co/NE9dJNGcsF https://t.co/diaEZvnVTR",Thu May 12 11:01:20 +0000 2022
Cryptosocy,"⏰ Cryptosocy Global programının 30. Bölümü bugün saat 16:30'da! 

📚 ABD'de enflasyonun düşüş trendine girmesi ne if… https://t.co/eeef9EtHiD",Thu May 12 10:39:42 +0000 2022
Cryptosocy,"RT @CryptoQuant_TR: Tahmini Kaldıraç Oranı en yüksek bölgesine ulaştığında vadeli piyasada hangisi daha olası?

Canlı grafik 👉 https://t.co…",Wed May 11 18:31:22 +0000 2022
Cryptokahin,Asıl önemli olan mum ise “Haftalık grafik mumlarında” Ayın 16 sında açılacak ve  23 ünde kapanacak olan mumdur.Her… https://t.co/sdyaxvayq4,Mon May 09 09:35:33 +0000 2022
Cryptokahin,"#BTC Merhaba değerli dostlarım.İkinci seçenek gerçekleşti.Bu durumda “günlük grafik mumlarında” bir sonraki kritik,… https://t.co/2oKDrnQDgh",Mon May 09 09:35:32 +0000 2022
Cryptokahin,"Ekibim ile 1 adet belirsiz mumun tetikleyeceği yönün, ilk ihtimal yani yukarı yönlü kur davranışı sergileyeceği bek… https://t.co/AOZu384jS7",Fri May 06 08:42:33 +0000 2022
Cryptokahin,Şayet aşağı yönlü değerlendirecek olur isek ayın 9 una kadar böyle bir kur davranışı hareketi potansiyeli ile karşı… https://t.co/jq0OdXw3DM,Fri May 06 08:42:33 +0000 2022
Cryptokahin,Günlük mumlarda ayın 9 una kadar yukarı yönlü Sarı çerçeve içerisine aldığım bölgede olduğu gibi bir kur davranışı… https://t.co/IhKRitNopr,Fri May 06 08:42:30 +0000 2022
Cryptokahin,"#BTC Merhaba değerli dostlarım “Günlük mum” grafiklerinde kritik,belirsiz,tetikleyici mumumuz dün ki mum idi.Bir so… https://t.co/zIUZDOOJbu",Fri May 06 08:42:29 +0000 2022
Cryptokahin,1 mumluk hata belirsizlik payı için hepsi birbirinden değerli 12 sevgili dostumuz ile bir grup kurduk ve çalışıyoru… https://t.co/hACvRyNNns,Mon May 02 12:28:57 +0000 2022
Cryptokahin,40.400 üzeri bir test yaşamaz isek Mayıs 5 e kadar sürecek aşağı yönlü bir dalga daha gerçekleşme potansiyeli olaca… https://t.co/1a298rbsvG,Mon May 02 12:28:57 +0000 2022
Cryptokahin,"#BTC Merhaba değerli dostlarım neşeli bayramlar💐
Btc için Mayıs 5 e kadar iki yönlü potansiyelleri paylaşacağım.Btc… https://t.co/kmTEwRjqjU",Mon May 02 12:28:57 +0000 2022
Cryptokahin,Şimdi bundan sonraki kritik ve bir kırılımı tetikleyecek mum gece 03:00 da açılacak olan 4 saatlik mumdur.Bu mum ya… https://t.co/DPj4OUDaHC,Fri Apr 29 20:14:39 +0000 2022
Cryptokahin,Sonuç olarak saat 11:00 da açılan mum ile az evvel kapanan 4 saatlik 19:00 mumu arasında toplamda 1450$ lık volatil… https://t.co/ok8fkjwZ1e,Fri Apr 29 20:14:38 +0000 2022
Cryptokahin,#BTC Bugün saat 11:00’da açılan 4 saatlik mumun kritik olacağını ve saat 19:00 da açılacak 4 saatlik muma kadar yap… https://t.co/duYDFgDDwu,Fri Apr 29 20:14:35 +0000 2022
Cryptokahin,Hep birlikte gözlemleyip hangisi olacağını göreceğiz.Sevgiler💐,Fri Apr 29 11:54:19 +0000 2022
Cryptokahin,Saat 19:00 da açılacak olan 4 saatlik mum  şuan ki seviyenin altında olur ise 11:00 de açılmış olan 4 saatlik mumun… https://t.co/JQb9G4LdNf,Fri Apr 29 11:54:18 +0000 2022
Cryptokahin,Bu mum bize 4 saatlik grafiklerde saat 19:00 a kadar olan yatırımlarımız için kritik olan mum ve kapatmasına yaklaş… https://t.co/RoCoEnQX5e,Fri Apr 29 11:54:18 +0000 2022
Cryptokahin,"#BTC Saat 11:00 de açılacak olan 4 saatlik grafik mumunun kritik ve belirsizliğinden bahsetmiştik,mum açıldığından… https://t.co/j0GAnBlhYu",Fri Apr 29 11:54:17 +0000 2022
Cryptokahin,@Berka54 Evet değerli dostum ayrı bir teori 1-5-9 bize ne yazık ki günü gününe kırılımı vermiyor.Lakin bu keşif biz… https://t.co/hHe31eMbez,Fri Apr 29 07:43:24 +0000 2022
Cryptokahin,Örneğin 4 saatliklerde kritik olan mum saat 11:00 da yanacak mum olacak.Burada amaç saat 11:00 için işaret ettiğim… https://t.co/6PsvG40NNG,Fri Apr 29 07:35:54 +0000 2022
Cryptokahin,Saatini paylaştığım mumlar henüz belirsizliğini çözemediğim mumlar olacak.Bu mumlar ya bir kırılımın tetikleyicisi… https://t.co/bwXTKCU8GC,Fri Apr 29 07:35:53 +0000 2022
Cryptokahin,#BTC Merhaba değerli dostlarım.Bildiğiniz üzere yeni bir keşif (trade yöntemi) üzerine çalışıyorum.Daha evvelde bel… https://t.co/6GgGZoIhpW,Fri Apr 29 07:35:53 +0000 2022
Rovercrc,"The more people sell their #Bitcoin against a loss, the bigger the next run-up will be... https://t.co/qm50pTs185",Sun May 29 14:50:00 +0000 2022
Rovercrc,#Bitcoin is about to close a 9th consecutive weekly red candle in a row! 😱,Sun May 29 14:11:00 +0000 2022
Rovercrc,#Bitcoin Fear at ATHs... 👇🔥 https://t.co/pkORy2i4gp,Sun May 29 13:31:00 +0000 2022
Rovercrc,"Are you holding $LUNA 2.0?
👇",Sun May 29 12:47:00 +0000 2022
Rovercrc,#Bitcoin will move big SOON! Fasten your seatbelts! 👇👀 https://t.co/BNmgdYTWqP,Sun May 29 12:02:00 +0000 2022
Rovercrc,@jasonpizzino @MartiniGuyYT Legend,Sun May 29 11:58:29 +0000 2022
Rovercrc,@jasonpizzino @nbankes @MartiniGuyYT Haha,Sun May 29 11:58:13 +0000 2022
Rovercrc,"Did #Bitcoin already bottom out?

NO.                               YES
👇                                 👇",Sun May 29 11:11:00 +0000 2022
Rovercrc,#BITCOIN WEEKLY FALLING WEDGE! 🔥👇 https://t.co/oaiQCcpfIl,Sun May 29 10:35:00 +0000 2022
Rovercrc,222K FOLLOWERS! ❤️❤️❤️,Sun May 29 09:55:07 +0000 2022
Rovercrc,#Bitcoin looks like a stable coin... 🤣,Sun May 29 09:40:00 +0000 2022
Rovercrc,"#Bitcoin: Pay Attention now!

https://t.co/aXlAPE6FZJ https://t.co/o5KbgDGjKK",Sun May 29 09:26:20 +0000 2022
Rovercrc,#Bitcoin is still trading in our sideways channel! 😴👇 https://t.co/7X8Heav6sZ,Sun May 29 08:53:29 +0000 2022
Rovercrc,#Bitcoin is so boring… https://t.co/7HyX2pm3dk,Sun May 29 08:20:38 +0000 2022
Rovercrc,GOOD MORNING #CRYPTO!,Sun May 29 07:43:30 +0000 2022
Rovercrc,#Bitcoin is a long-term investment.,Sat May 28 20:02:00 +0000 2022
Rovercrc,"#Bitcoin Fear is at ATHs.

Historical good buy signal for #Bitcoin 👇🤔 https://t.co/NTXNIgtPsn",Sat May 28 19:27:00 +0000 2022
Rovercrc,#Bitcoin whales are buying... 🐳 https://t.co/9l5JAGpNpU,Sat May 28 18:46:00 +0000 2022
Rovercrc,Buy #Bitcoin and never look back.,Sat May 28 18:13:00 +0000 2022
Rovercrc,#Bitcoin Falling Wedge Breakout! 🔥👇 https://t.co/VDDT9222b1,Sat May 28 17:34:00 +0000 2022
Duffytrader,@mexctr Umudunu Kaybetme olurdu nettt 😂,Sun May 29 14:55:34 +0000 2022
Duffytrader,@UCAN_COiN72 YTD 😂,Sun May 29 14:55:10 +0000 2022
Duffytrader,Adana sıcağı bi yandan #Bitcoin in derdi bi yandan çekilmez oldu vallahi .,Sun May 29 14:53:14 +0000 2022
Duffytrader,#Coin Shilleme postu yatırım tavsiyedir alın aldırın tutun saklayın dediğiniz #coin varmı herkesi bekliyorum . 🙌🏻 #Btc,Sun May 29 14:19:21 +0000 2022
Duffytrader,@prod_catmark shortculara kolay ekmek yedirmezler artık,Sun May 29 14:17:41 +0000 2022
Duffytrader,Bu gece haftalık kapanışa doğru #Bitcoin den bir atak bekliyorum 31.600$ üzeri gece 03:00 kapanışı yapması önünüzde… https://t.co/uu83zr8JHK,Sun May 29 14:15:09 +0000 2022
Duffytrader,Şu resmi analiz edip MEGA BOĞA gelecek diyen fenomenler görüyorum . . . #Bitcoin https://t.co/5t4fAYVZNI,Sun May 29 12:24:40 +0000 2022
Duffytrader,"RT @traderOzanARMAN: EN İYİSİNİN EN İYİSİYİM.

Daha iyisini yapana kadar en iyisi bu başarı.

25 ŞUBAT - 5 NİSAN işlem başarısı.

Hazır mıs…",Sun May 29 10:46:34 +0000 2022
Duffytrader,#LTC #Litecoin https://t.co/wesrAISCOM,Sun May 29 10:27:25 +0000 2022
Duffytrader,@ernealist 😂😂,Sun May 29 10:23:35 +0000 2022
Duffytrader,Keyifli Pazarlar Dostlar . 🙌🏻 #btc,Sun May 29 09:47:26 +0000 2022
Duffytrader,@HalilSoyletmez Geçmiş olsun,Sat May 28 21:57:01 +0000 2022
Duffytrader,RT @HalilSoyletmez: Youtube hesabım hacklendi ve oçeler scam coin yayını yapıyor. Oltaya gelmeyin. Kanalı kısa süre içinde geri alacağız…,Sat May 28 21:56:49 +0000 2022
Duffytrader,@ustatrader @Emreislek @bitgetturkey Başarılarınız daim olsun hocalarım . 💖🙏,Sat May 28 21:14:16 +0000 2022
Duffytrader,"Herkes maç izliyor herhalde ? 

Nerdesiniz dostlar . 🙌🏻 #Btc",Sat May 28 21:01:19 +0000 2022
Duffytrader,@kriptozeryan @hocca_official durumun özeli de kalmadı sanırım . 😂,Sat May 28 20:05:08 +0000 2022
Duffytrader,#Iota Destek altına sarkmıştı tekrar 0.31$ üzerinde #btc https://t.co/VLX6dyyslN https://t.co/LDvWWzaps9,Sat May 28 18:03:38 +0000 2022
Duffytrader,@falcon_line geçmiş olsun,Sat May 28 16:58:04 +0000 2022
Duffytrader,#Binance Vadeli işlemler çöktü diyorlar??,Sat May 28 16:53:06 +0000 2022
Duffytrader,@CryptoNeoo Geçmiş olsun hocam,Sat May 28 16:38:34 +0000 2022
Jesscoin,@karakahyaoglu68 Jesscoin is here 💪🏼,Sun May 29 10:50:24 +0000 2022
Jesscoin,@Tayfun0021 Cz gaz verir yakında. Biz aldık diye düşürdü namuzsuz.,Sun May 29 10:25:06 +0000 2022
Jesscoin,@montesculus Tüm coinlerimiz güçlü. Yeri geldiğinde hepsinden kar edeceğiz.,Sun May 29 10:22:20 +0000 2022
Jesscoin,@kalendarbey46 Süpersin.,Sun May 29 10:15:19 +0000 2022
Jesscoin,@montesculus Bizim Coin olduğu için. Hepsi sırası ile yükselecek.,Sun May 29 10:12:39 +0000 2022
Jesscoin,@ayazyedek2 RUNE 5 kere %100 yaptı. Suyunu sıktık.,Sun May 29 10:09:16 +0000 2022
Jesscoin,@TolgaGr18784984 Real madrid sonuna kadar haketti.,Sun May 29 10:08:24 +0000 2022
Jesscoin,"Mutlu Pazarlar Can Dostlar.🥰

Kimlerde $BEL Coin var.🤚
Bu kötü piyasada bile kendini toparlamaya çalışıyor. Gayreti… https://t.co/FZG7o2INwC",Sun May 29 10:07:07 +0000 2022
Jesscoin,Kazanan RealMadrid 👏,Sat May 28 21:36:00 +0000 2022
Jesscoin,@Nonameee211 Bitcoin tek hayatımız değil.,Sat May 28 19:45:36 +0000 2022
Jesscoin,"Şampiyonalar ligi final maçını izleyen kaç kişiyiz 🤚
#Liverpool #RealMadrid",Sat May 28 19:37:47 +0000 2022
Jesscoin,"#LUNC Organize işler devam ediyor. 👏 

#terra_money",Sat May 28 12:58:45 +0000 2022
Jesscoin,@Nothing_Mann Tükettiğin Gıdaya yansıyor maalesef.,Sat May 28 09:55:46 +0000 2022
Jesscoin,"Allah cümlemize sabır versin.!

Zamlar artık saatlik periyotlarda yapılıyor Mazot ve Benzin 25 TL oldu.!",Sat May 28 09:49:46 +0000 2022
Jesscoin,"Herşeye Zam, Altcoinlere indirim! 

Günaydınlar 🍃",Fri May 27 07:40:14 +0000 2022
Jesscoin,"BNB Chain, Hacettepe üniversitesi ev sahipliğinde 31 Mayıs 13:00'da öğrenci ve geliştiriciler ile buluşuyor.… https://t.co/qm6Dfd2NWe",Thu May 26 20:05:36 +0000 2022
Jesscoin,Hesap başı dağıtımlar ise daha sonra borsalar aracılığı ile duyurulacaktır.,Thu May 26 17:11:47 +0000 2022
Jesscoin,"#LUNA ve #UST Borsa İsimleri değiştiriliyor. Bu sebeb ile alım satımlar askıya alındı.
LUNA=LUNC ve UST=USTC isimle… https://t.co/OUHJQkkDK3",Thu May 26 17:11:47 +0000 2022
Jesscoin,@binance Böyle giderse tüm coinleri desteklemek zorunda kalacaksınız. 😅,Thu May 26 14:17:45 +0000 2022
Jesscoin,@Binance_Turkish $GAL ve $THETA da alabiliyormuyuz?,Thu May 26 14:16:35 +0000 2022
Milyonerzihin,"Sigara, alkol vb kötü alışkanlıkların yerine hız kesmeden #altcoin birikimi yapmaya devam edin dostlar. Yeni boğada… https://t.co/sZdAUUjz9b",Sun May 29 14:12:34 +0000 2022
Milyonerzihin,@SeedifyFund 🤟🔥🔥,Sun May 29 13:31:25 +0000 2022
Milyonerzihin,@EtUfuk @Huslverse @MoonNation0 Evet ekibinle 100$'e dolar atesle unut hocam ❤️😏,Sun May 29 12:38:14 +0000 2022
Milyonerzihin,@vemutlu Hayırlı işler pavyonda ezelim,Sat May 28 22:39:37 +0000 2022
Milyonerzihin,@MoonNation0 Güzel iş. Tebrik ederim. $MNG 🤟🔥,Sat May 28 18:42:00 +0000 2022
Milyonerzihin,@bycoinhunter @VitalikButerin Holo,Wed May 25 17:25:33 +0000 2022
Milyonerzihin,@Movez_app @BlueZillaVc 🔥🔥🔥,Wed May 25 14:00:29 +0000 2022
Milyonerzihin,@WeWay_io @BlueZillaVc Wow 🔥🔥,Mon May 23 18:55:13 +0000 2022
Milyonerzihin,@bycoinhunter 1000x bro😎,Mon May 23 16:07:42 +0000 2022
Milyonerzihin,@Movez_app 1000x coming🏃🏃🏃🔥,Mon May 23 13:27:30 +0000 2022
Milyonerzihin,"Stake'ler tamamlansın @Movez_app çok sağlam geliyor🔥

@BlueZillaVc desteğiyle çok büyük bir hype yaşanacak. Marketi… https://t.co/h7HDxBB8Tq",Sun May 22 20:59:56 +0000 2022
Milyonerzihin,An itibariyle yatırdığım 350$ şuan 1400$ olmuş durumda. Ana parayı bozdum ve kalan bakiyeyle devam. Teşekkürler… https://t.co/HZyey0C4SR,Wed May 18 23:18:47 +0000 2022
Milyonerzihin,@driver2601 @EtUfuk İşte akıllı trader farkı 🤟😏,Wed May 18 20:35:33 +0000 2022
Milyonerzihin,@abdkeremx @EtUfuk @StepGOapp Bu tarz gem projelerde kazançta yüksek riskte yüksektir. Hesap sorarım falan muhtemel… https://t.co/23skIBiOlo,Wed May 18 17:53:18 +0000 2022
Milyonerzihin,@EtUfuk 25x yapmadan satmam 😅,Wed May 18 17:46:39 +0000 2022
Milyonerzihin,@Sheyho21 @EtUfuk https://t.co/PWKoFbaA8G,Wed May 18 17:15:50 +0000 2022
Milyonerzihin,Arkadaşlar @EtUfuk gem projeler konusunda çok başarılıdır. Paylaştığı proje yepyeni bir #MoveToEarn ve güzel duruyo… https://t.co/FNEGtgdAc9,Wed May 18 17:11:31 +0000 2022
Milyonerzihin,@EtUfuk @StepGOapp #MoveToEarn hmm alırım bi dal deneyelim bakalım reis sağol 😃🤟,Wed May 18 17:05:00 +0000 2022
Milyonerzihin,"Takip ettiğiniz yeni #altcoin gem projeleri yazın bakalım dostlar. 
Tüm yorumları tek tek okuyup projeleri mutlaka… https://t.co/j6oFENM3mU",Tue May 17 15:06:52 +0000 2022
Milyonerzihin,"RT @bycoinhunter: ⚡️@SeedifyFund yeni listeleme haberi geldi.

En son Bybit'te listelenen $SFUND ekibi sıkı çalışmaya devam ediyor. 

Liste…",Tue May 17 15:03:19 +0000 2022
MoneyKripto,"Teşekkürler Don Carlo Ancelloti 

#HalaMadrid https://t.co/95qXYHYwGi",Sat May 28 21:34:49 +0000 2022
MoneyKripto,Hoca bitir hoca. #halamadrid,Sat May 28 21:00:31 +0000 2022
MoneyKripto,"Tarafımız belli. #halamadrid

#LiverpoolVsRealMadrid 
#LiverpoolVsRealMadrid https://t.co/i9uMIqGGHK",Sat May 28 19:13:50 +0000 2022
MoneyKripto,@TradeWars_10 👏👏,Sat May 28 17:33:12 +0000 2022
MoneyKripto,@CryptObjektiff 🤨,Fri May 27 13:27:19 +0000 2022
MoneyKripto,@KriptoData 🤔,Fri May 27 13:14:10 +0000 2022
MoneyKripto,@elonmusk https://t.co/RAHBFsfM2D,Fri May 27 01:24:47 +0000 2022
MoneyKripto,$KCT bu piyasa koşullarına rağmen x10 yaptı. Kazananları tebrik ederim. 🙏 https://t.co/gwZmiQt8WS,Wed May 25 21:21:53 +0000 2022
MoneyKripto,@TradeWars_10 👏👏,Wed May 25 17:20:06 +0000 2022
MoneyKripto,@bsc_trader Geçmiş olsun hocam 🙏,Tue May 24 21:13:15 +0000 2022
MoneyKripto,@marstankemal @onuryildiztv @derinfutboltv @beyaztv @AbdulkerimDrmz_ @ahmetcakar1 @RasimOzan_K @beyazfutbol 😅,Mon May 23 16:41:35 +0000 2022
MoneyKripto,@onuryildiztv @derinfutboltv @beyaztv @AbdulkerimDrmz_ @ahmetcakar1 @RasimOzan_K @beyazfutbol 23.00'da diye yazılma… https://t.co/Mvs5HsqgSB,Mon May 23 16:20:09 +0000 2022
MoneyKripto,"🔥 Yeni #Primelist geldi 🔥

@KONNECT_KCT ön satışına Huobi üzerinden katılabilirsiniz.

%10 indirimli Kayıt Linki;… https://t.co/JtQKYhdRlQ",Mon May 23 10:40:47 +0000 2022
MoneyKripto,@TradeWars_10 @btc_magazin 🔥🔥,Fri May 20 17:06:16 +0000 2022
MoneyKripto,@TradeWars_10 @ErolEgemen645 @TheDaoMaker Tahmin etmiştim 😢,Thu May 19 22:29:31 +0000 2022
MoneyKripto,@TradeWars_10 @ErolEgemen645 @TheDaoMaker Kimmiş o yalancı :),Thu May 19 22:25:53 +0000 2022
MoneyKripto,@TradeWars_10 @TheDaoMaker 🔥🔥,Thu May 19 16:26:59 +0000 2022
MoneyKripto,@srkninci Sanmam böyle bir şey olacağını.,Thu May 19 02:45:19 +0000 2022
MoneyKripto,Yeter artık. 🤔 https://t.co/bqsWs8hCYa,Wed May 18 23:55:46 +0000 2022
MoneyKripto,"@CMYLMZ Küfür çok fazla be abi. Daha az olabilirdi.

Genel olarak diziyi beğendim. Oyuncuların performansı iyiydi.… https://t.co/UsSEkaTBmB",Wed May 18 00:36:18 +0000 2022
Mgokhanduman,"Bitcoin’de 28.000 desteği çok fazla test edildi. Bu kadar test edilmesini olumlu bulmuyorum. 
Haftalık TD verileri… https://t.co/gW8I93vGXG",Fri May 27 19:03:40 +0000 2022
Mgokhanduman,Türkiye Cumhuriyet Merkez Bankası faizi sabit tuttu,Thu May 26 11:01:07 +0000 2022
Mgokhanduman,"$YFII 5 saatte 1227’den 320’ye düşüş yaşadı. Şuanda 609$ seviyelerinde yer alıyor. 
Düştü diye direk alım yapmak ri… https://t.co/0lodhnqzUb",Wed May 25 08:48:18 +0000 2022
Mgokhanduman,@GokhanGark 😏😏😏,Tue May 24 08:36:43 +0000 2022
Mgokhanduman,@denroyceR Bekleniyosun:),Sun May 22 23:00:43 +0000 2022
Mgokhanduman,Twitteri biraz boşladığımın farkındayım. 2 gündür RSI twiti atıcam dedim bi türlü hazırlayamadım. Yarından itibaren… https://t.co/9qybM8CHRB,Sun May 22 22:27:23 +0000 2022
Mgokhanduman,@raymali63343250 YouTube üzerinden bunların videolarını izleyebilirsiniz 👍🏻,Fri May 20 06:34:41 +0000 2022
Mgokhanduman,@KafaKlipto Piyasa şuan iyi mi?:),Fri May 20 06:33:59 +0000 2022
Mgokhanduman,@raymali63343250 Tek başına kullanılması doğru olmaz. 3-4 indikatörle beraber doğru sonuç verme olasılığı yüksektir.,Fri May 20 06:33:31 +0000 2022
Mgokhanduman,"@1903gurcan Ahaha çayımızı içmeye gel , çalışmayı boşver :)",Fri May 20 06:32:43 +0000 2022
Mgokhanduman,"Günaydın arkadaşlar, bugün biraz RSI ve grafik değerlendirmesi yapalım diyorum, ne dersiniz :)",Fri May 20 06:28:34 +0000 2022
Mgokhanduman,"@kriptozeryan Temennimiz yeşil bölgeye test sonrasında düzeltme yapması, umarım bu yönde olur :)",Tue May 17 07:50:49 +0000 2022
Mgokhanduman,"Günaydın dostlar 

#Bitcoin Yükselen kanalı aşağı yönlü kırmıştı fakat mum kapanışını kanal içerisinde yaptı. Bu se… https://t.co/Wy7BZwdpT8",Tue May 17 07:30:54 +0000 2022
Mgokhanduman,"@CryptoErge Hayırlı olsun, başarılarının devamını dilerim",Mon May 16 19:30:35 +0000 2022
Mgokhanduman,@Redkit_Trader Eyvallah kardeşim her zaman beklerim 🙏🏻,Mon May 16 15:05:22 +0000 2022
Mgokhanduman,@godofgem Hakan kardeşim sağ olsun yalnız bırakmadı:),Sat May 14 19:06:15 +0000 2022
Mgokhanduman,@KiterosWh Konu tartışmak değil. Bu twitler yüzünden 1$’dan 2$’dan luna aldılar. Şimdide herkes dipten almış onun paylaşımını yapıyor.,Sat May 14 11:55:09 +0000 2022
Mgokhanduman,$LUNA kelimesini sessize alıyorum. Atılan her 10 twitten 11’i Luna.,Sat May 14 11:35:24 +0000 2022
Mgokhanduman,"Varsa bir hayırlı olsununuz alırım 😎

Allah utandırmaz inş. https://t.co/6DnRATADwd",Fri May 13 14:48:40 +0000 2022
Mgokhanduman,"Şu $Luna ‘yı gördükçe elim ayağım titriyor. Elinde olanlara empati kuruyorum, çıldırmamak elde değil. 

120$’dan anlık 0.0036$",Thu May 12 14:54:58 +0000 2022
CoinnCorner,@Salmaz6600 Tebrikler 🎉 Yeni etkinlik yolda⏳,Sun May 29 14:25:29 +0000 2022
CoinnCorner,"RT @lotascapital: 👨💼Artık Kazancınızı Kendiniz Yöneteceksiniz!

📚Foreks'e Dair Bilmeniz Gereken Her Şey Bu Eğitimde!

⭐️Üstelik Ücretsiz!…",Sun May 29 14:22:20 +0000 2022
CoinnCorner,"RT @lotascapital: 📣Merkez Bankaları Kazancınızı Bakın Nasıl Yönetiyor?

🔎Yatırımcılar doğru hamleler için hangi açıklamalara odaklanmalı?…",Sun May 29 10:51:10 +0000 2022
CoinnCorner,"Günaydın dostlar, iyi pazarlar. Bugün biraz kendinize vakit ayırınız🙋🏻‍♂️",Sun May 29 09:06:35 +0000 2022
CoinnCorner,"Beğenilerden rastgele IBAN veya Trc20 adresi isteyeceğim 🖤

Takip etmeyeli unutmayalım🍬",Sat May 28 19:04:34 +0000 2022
CoinnCorner,"RT @lotascapital: 📣Kazanmak İçin En Doğru Zamanı Açıklıyoruz!

⏰İşte yatırımcıların en önemli sorusu; ""Ne Zaman Yatırı Yapmalıyım?""

➡️Bu z…",Sat May 28 15:37:31 +0000 2022
CoinnCorner,#Lunc veya Luna2.0 olayı tamamen Borsaları kurtarma politikasıdır. Küçük yatırımcıyı ilgilendiren bir durum yok çün… https://t.co/Ed1HGsKQYf,Sat May 28 12:42:28 +0000 2022
CoinnCorner,"Kripto para analitik şirketi Nansen, #Terra ve #UST krizini araştırdı. Şirket, buna sebep olan saldırganların cüzda… https://t.co/VlNLgSj8ky",Sat May 28 11:36:21 +0000 2022
CoinnCorner,"10.000.000 #Shiba hediye ediyorum.
Bu tweete fav,RT atmanız yeterli. 

Takip etmeyi de unutmayınız🍬

#shib #shibarmy #luna #terra",Fri May 27 17:50:45 +0000 2022
CoinnCorner,"#Huobi Global, 30 Mayıs’ta #Aavegotchii $GHST listeleyeceğini duyurdu.
Anlık Fiyat: $1.51
Listeli Borsalar:… https://t.co/RTgAfhaeSm",Fri May 27 13:24:39 +0000 2022
CoinnCorner,#Binance borsası 30 Mayıs Pazartesi günü saat 12:30'da Terra Classic $LUNC ve Terra Classic USD $USTC'yi alım satım… https://t.co/uRIyVxwI1R,Fri May 27 12:11:51 +0000 2022
CoinnCorner,"Beğeni ve Rt’lerden rasgele IBAN veya Trc20 adresi isteyeceğim 🖤

Takip etmeyeli unutmayalım🍬",Thu May 26 19:48:42 +0000 2022
CoinnCorner,#STEPN yani $GMT 15 Temmuz itibari ile Çin’de ki kullanıcılarına GPS desteğini kesecek. Bu haber GMT de %30’luk bir… https://t.co/Ef5FISEwNs,Thu May 26 19:21:08 +0000 2022
CoinnCorner,"2000$ | 33.000₺ #BKEX Sponsorluğunda Hediye 🎉

🔸Fav, RT
🔸#BKEX linkim ile üye ol ve KYC yap
🔸Kayıt👉… https://t.co/nhiTIC3pFb",Thu May 26 17:56:31 +0000 2022
CoinnCorner,"Çooook büyük bir çekiliş geliyor, bildirimler açık mı??🔔",Thu May 26 17:43:14 +0000 2022
CoinnCorner,"RT @expert_kripto: Expert Kripto Ailesinde İLK 😎

Kommunitas ile 2 Haziran'da Twitter Space'de AMA gerçekleştireceğiz. Hem ilk AMA hem ilk…",Thu May 26 17:27:18 +0000 2022
CoinnCorner,RT @cryptowoof_: #BTC büyü falan değil ya sadece şans :d https://t.co/sddPvMKxAb,Thu May 26 14:30:27 +0000 2022
CoinnCorner,@borsaci_fakir @cryptowoof_ Sen tamamla işte😂,Thu May 26 14:28:01 +0000 2022
CoinnCorner,@cryptowoof_ Alalım mı satalım mı ne diyon hoca onu söyle sen,Thu May 26 14:26:55 +0000 2022
CoinnCorner,"#KuCoin, 27 Mayıs Cuma günü DOSE $DOSE ve Concordium $CCD listeleyecek. 

#KuCoin ayrıca, Terra ($LUNA) ve TerraUSD… https://t.co/TKftV3sOxM",Thu May 26 11:25:17 +0000 2022
Borsaressami,@crypto_ares_ Neden almasın sonuçta kazanan kendisi oluyor her şekilde,Sun May 29 14:31:29 +0000 2022
Borsaressami,"#TOMO 
Bakalım yapacakmı bişeyler. https://t.co/m3Q7m6uAVi",Sun May 29 14:18:59 +0000 2022
Borsaressami,"#BTC #Bitcoin 
Düşüşün devamı öncesi 34k veya daha yukarı koyu alan bölgemize bir temas bekliyorum açıkcası.
Bugün… https://t.co/OHk4pYvwz7",Sun May 29 13:56:39 +0000 2022
Borsaressami,Hadi #SOL devam .... https://t.co/LbxIQoimIm,Sun May 29 13:28:51 +0000 2022
Borsaressami,"Şimdi çoğu kişi bunu yeni söylüyor.
#luna soygunu için… https://t.co/9wOLftdw4N",Sun May 29 13:15:42 +0000 2022
Borsaressami,@kriptozeryan @elonmusk Kucağını gösteriyor,Sun May 29 12:24:26 +0000 2022
Borsaressami,"RT @borsaressami: #RUNE 

Güzel likidite almış, denemek isterseniz ozellikle vadelide mutlaka stoplu 👍 https://t.co/aZ7f2aJW2R",Sun May 29 12:21:04 +0000 2022
Borsaressami,"🎁ÇEKİLİŞ🎁

2 kişiye 50.000 
Toplam : 100.000 #RACA 

ŞARTLAR 👇

@borsaressami 

@idealistkripto Hesaplarını takip e… https://t.co/Sj7MzeLPVF",Sun May 29 11:58:43 +0000 2022
Borsaressami,@ismailyamuc İyidir abim teşekkür ederim,Sun May 29 11:52:17 +0000 2022
Borsaressami,Hayırlı pazarlar 🌹,Sun May 29 10:08:36 +0000 2022
Borsaressami,@stevedabitcoin 10$ lık kitap keşke yetse ama maalesefki tecrübe etmek gerekiyor tecrübe ise biraz pahalı oluyor.,Sat May 28 19:10:36 +0000 2022
Borsaressami,"Allah kurtarsın☺️

Yani gülüyoruzda gerçekten bir çok ocak söndürdü şerefsiz köpekler

Aleni bir soygun yapıldı ama… https://t.co/iby7TbN8Tc",Sat May 28 18:52:34 +0000 2022
Borsaressami,@MuratHey3 Aynen,Sat May 28 18:47:41 +0000 2022
Borsaressami,"Bu #luna işi yılan hikayesimi oldu, cepleri bosaltma operasyonumu.

Normalde kumarbazım biraz kesin bulaşırdımda be… https://t.co/yTABblkAux",Sat May 28 18:21:57 +0000 2022
Borsaressami,@OzguR_2525 @cz_binance Ben twit atında düzelttiler ☺️,Sat May 28 17:15:43 +0000 2022
Borsaressami,"#Binance futures tarafında sıkıntımı var, sanırım @cz_binance yine bir soygun peşinde yani doymadı şerefsizler milleti soymaya.",Sat May 28 17:14:47 +0000 2022
Borsaressami,"Portoken;Reklam veren ve reklam alan oyun studiolarını aynı çatıda toplayıp
oyun içerisinde reklam izleyerek para k… https://t.co/uJ4bT8uVUS",Sat May 28 16:58:50 +0000 2022
Borsaressami,"#RUNE 

Güzel likidite almış, denemek isterseniz ozellikle vadelide mutlaka stoplu 👍 https://t.co/aZ7f2aJW2R",Sat May 28 16:37:58 +0000 2022
Borsaressami,@ErcinRamazan Allah razı olsun ☺️,Sat May 28 16:06:54 +0000 2022
Borsaressami,1$ ken kaçırdım diye üzülmüştüm ama şimdi biraz spottan alıp tutmayı düşünüyorum az bir miktar alıcam ve %20-30 luk… https://t.co/nxcm6C9XbO,Sat May 28 16:04:31 +0000 2022
HASOsyalmedya,@CryptoErge Hoca deme be Erge. Hasan de abi de hoca deme. Şu hoca kavramına nasıl kıl oluyorum. Takipçisi olan hoca… https://t.co/BvQIlTFTV1,Sun May 29 13:37:58 +0000 2022
HASOsyalmedya,@CryptoErge Erge vadeli işleme çok sıcak olmayan biri olarak yaptığın işlemlerin şeffaflığı ve yüzdelik başarısını… https://t.co/YBRAgkNVKU,Sun May 29 13:31:16 +0000 2022
HASOsyalmedya,@Levent35440050 @ozge_temel_ Günün anlam ve özeti,Sun May 29 13:13:52 +0000 2022
HASOsyalmedya,RT @ozge_temel_: Tekrar güvenip yükselir diye Yeni #Luna alır mısınız?,Sun May 29 12:57:52 +0000 2022
HASOsyalmedya,@ozge_temel_ Kesinlikle alınmasına karşıyım. Yeni luna alınması bu sistemle insanları çarpan adamları ödüllendirmektir.,Sun May 29 12:57:50 +0000 2022
HASOsyalmedya,@emreyildiz_35 @yildizli_13 avax şu an için yok ama sebdiğim coinlerden avax ve ftm. alt coin alacaksam ilk bu 2 co… https://t.co/z6AwgTsMsq,Sat May 28 21:51:42 +0000 2022
HASOsyalmedya,@psise44 Ne zaman aldınız,Sat May 28 15:13:11 +0000 2022
HASOsyalmedya,@Denis509 Aynen brom. Aleni hırsızlık var ortada.,Sat May 28 15:13:00 +0000 2022
HASOsyalmedya,@yildizli_13 Hepsi etkilenir. Eth yapılırsa alt coinler resetlenir. Ben eth ve Btc dışı coin alımlarına uzağım bira… https://t.co/9wBH4n57yS,Sat May 28 10:49:16 +0000 2022
HASOsyalmedya,@irfncndgn Lunc olarak sana gönderecekler. İsmini değiştirip,Sat May 28 10:42:38 +0000 2022
HASOsyalmedya,@AltcoinKral Ben zaten Btc ve eth dışı çok gazla coin alan kısımda değilim. Bunun sebeplerini açıkladım,Sat May 28 10:36:59 +0000 2022
HASOsyalmedya,@kenanyl95472634 Ben luna yatırımcısı değildim ama bu yapılana karşı sinirlerim bozuldu. Böyle aleni dolandırıcılık… https://t.co/LP1aMV6CVW,Sat May 28 10:35:43 +0000 2022
HASOsyalmedya,"Bybit borsasından luna new coine baktım 16 dolar, luna Classic 0.0001

Böyle bir ahlaksızlık olamaz. İnsanların eli… https://t.co/z9mVpaHeml",Sat May 28 10:27:05 +0000 2022
HASOsyalmedya,"RT @fxbulten: Beklediğimiz bölgelere geldi. Şimdi 22,45 ve 22,80 seviyelerini hedefliyoruz. #xagusd",Fri May 27 14:38:53 +0000 2022
HASOsyalmedya,"RT @fxbulten: #BITCOIN, 89 ve 144 periyotluk üstel hareketli ortalamalar 30675 – 32145 bölgesi altında kısa vadeli NEGATİF beklenti ön plan…",Wed May 25 11:07:13 +0000 2022
HASOsyalmedya,"RT @fxbulten: ONS ALTIN, Bollinger bandı orta noktası 1834 seviyesi üzerinde kısa vadeli POZİTİF beklenti ön plandadır. Bu sebeple de düşüş…",Mon May 23 11:52:17 +0000 2022
HASOsyalmedya,Bir yandan #Bitcoin Pizza gününe dair bilgilerin anlatıldığı öbür yandan da Bitcoin severlerin bir araya geldigi bu… https://t.co/e6yVXEpiU5,Mon May 23 09:38:16 +0000 2022
HASOsyalmedya,@xtrendci olay git gide falcılığa doğru yol almaya başladı. 3 vakte kadar...,Sun May 22 19:19:31 +0000 2022
HASOsyalmedya,@mec_hu 🤗🤗,Sun May 22 19:01:29 +0000 2022
HASOsyalmedya,@batkali2 bende 70 bin kadar luna var. lazım olursa yaz.,Sun May 22 18:53:54 +0000 2022
JrKripto,"Bitcoin haftalık bazda son 8 haftayı kırmızı mumla kapattı!

Bugün 9. Hafta kapanışı gerçekleşecek, Bitcoin 31.340$… https://t.co/xgdBwYRQbY",Sun May 29 13:34:42 +0000 2022
JrKripto,"Herkese günaydın🍀

Sevdiklerinizle beraber geçireceğiniz mutlu pazarlar 🧿",Sun May 29 06:47:35 +0000 2022
JrKripto,HALA MADRID!,Sat May 28 20:55:47 +0000 2022
JrKripto,"Before&amp;After

13.11.2021 Bitcoin 65.000$
28.05.2022 Bitcoin 29.000$

Elon Musk’ın subliminal mesajı size ne anlatıy… https://t.co/z6V35hpnBQ",Sat May 28 20:44:12 +0000 2022
JrKripto,"Şampiyonlar Ligi Kupasını hangisi kazanır?

Liverpool                 Real Madrid
👇                                  👇",Sat May 28 18:40:23 +0000 2022
JrKripto,"48 saat içerisinde 10 Şanslı Kişiye;

300$ hediye ediyoruz!🎁 

1-) Bu tweeti retweetle.

2-) Beni ve… https://t.co/tqBxj0zc89",Sat May 28 18:14:56 +0000 2022
JrKripto,"Çekiliş sonuçları az sonra Telegram kanalımızdan açıklayacağım!

Ardından bir yeni çekiliş daha gelsin mi?

Kimler ister?",Sat May 28 18:08:07 +0000 2022
JrKripto,"Binance USDT Vadeli işlemleri askıya alınışı tesadüf müdür göreceğiz!

Genellikle trend değişimi dönemlerimde Long… https://t.co/cnRKd8Rq41",Sat May 28 17:55:12 +0000 2022
JrKripto,"Global Piyasalar Cuma gecesi haftalık kapanışlarını yaparlar!

Kripto Piyasaları 7 gün 24 saat açıktır, özellikle h… https://t.co/WepEmOE3gC",Sat May 28 17:51:08 +0000 2022
JrKripto,"Sonuçlar 22:00’de Telegram Kanalımızdan açıklayacağım!

Telegram Link👇
https://t.co/T4Hwfflpfb https://t.co/OBnt1GPoej",Sat May 28 17:19:57 +0000 2022
JrKripto,"Tam 10 kişiye, 10.000TL Hediye ediyorum!

Bugün saat 22:00’de Telegram Kanalımızdan sonuçları açıklayacağız!

Katıl… https://t.co/vmAaVeBPn8",Sat May 28 16:02:31 +0000 2022
JrKripto,"$LUNA 42 milyar dolar piyasa değerine sahipti ve hiç etti!

Kripto Markette 18.000 adet coin var, seç beğen al!

LU… https://t.co/6T8jFCNjde",Sat May 28 12:33:31 +0000 2022
JrKripto,"ABD Borsaları ve Bitcoin kısa-orta-uzun vade fiyat senaryosu, Fed faiz politikası, Altcoin ne zaman alır, ne zaman… https://t.co/1JSQ7MsSho",Sat May 28 08:56:27 +0000 2022
JrKripto,"Herkese mutlu haftasonları🍀

Güzel günler göreceğiz, güneşli günler!",Sat May 28 07:03:56 +0000 2022
JrKripto,"Kurumsal şirketler hangi altcoin projelerine yatırım yapıyor adlı flood'u paylaştım.

Yanına bonus olarak Coinbase… https://t.co/UNkJvS98Nb",Fri May 27 21:18:23 +0000 2022
JrKripto,"14-
https://t.co/RI8UbNMZ7a web sayfasından ve 
@Grayscale twitter adreslerinden takip edebilirsiniz. 
İyi bir indi… https://t.co/zcGYgfWf8k",Fri May 27 21:05:15 +0000 2022
JrKripto,"13-
Grayscale fonu ile coinbase arasında ki listelemeleri yakından takip etmeninizi öneririm. İlk olarak Grayscale… https://t.co/wackTuvS2N",Fri May 27 21:05:15 +0000 2022
JrKripto,"12-
Kurumsal yatırımcıların ayak izlerini takip etmek finansal özgürlük için bir metottur. Büyük fonları olan şirke… https://t.co/rYsbjV54MD",Fri May 27 21:05:14 +0000 2022
JrKripto,"11-
Paylaştığım listede ki altcoinlere yakından takip etmenizi öneririm. Coinbase listelemesi ile listelenen proje… https://t.co/9BXm4FFsQg",Fri May 27 21:05:14 +0000 2022
JrKripto,"10-
37- StaFi $FIS
38- Strike $STRK
39- Student Coin $STC
40- SwftCoin $SWFTC
41- Sylo $SYLO
42- TE-Food $TONE
43-… https://t.co/gUayIPHlIm",Fri May 27 21:05:13 +0000 2022
